"Gene ID","source_id","Epitope Count","Confidence"
"PF3D7_0100100","PF3D7_0100100.1","6","Medium"
"PF3D7_0100300","PF3D7_0100300.1","7","Low"
"PF3D7_0101100","PF3D7_0101100.1","1","Low"
"PF3D7_0102200","PF3D7_0102200.1","80","High"
"PF3D7_0102500","PF3D7_0102500.1","5","High"
"PF3D7_0102800","PF3D7_0102800.1","24","Low"
"PF3D7_0103100","PF3D7_0103100.1","1","Medium"
"PF3D7_0104300","PF3D7_0104300.1","2","Low"
"PF3D7_0104400","PF3D7_0104400.1","3","Low"
"PF3D7_0104600","PF3D7_0104600.1","7","Low"
"PF3D7_0105700","PF3D7_0105700.1","10","Low"
"PF3D7_0106000","PF3D7_0106000.1","7","Low"
"PF3D7_0106500","PF3D7_0106500.1","1","Low"
"PF3D7_0106800","PF3D7_0106800.1","7","Low"
"PF3D7_0106900","PF3D7_0106900.1","7","Low"
"PF3D7_0107100","PF3D7_0107100.1","10","Low"
"PF3D7_0107500","PF3D7_0107500.1","7","Low"
"PF3D7_0107700","PF3D7_0107700.1","1","Low"
"PF3D7_0107800","PF3D7_0107800.1","7","Low"
"PF3D7_0108300","PF3D7_0108300.1","8","Low"
"PF3D7_0108400","PF3D7_0108400.1","1","Low"
"PF3D7_0108400","PF3D7_0108400.2","7","Low"
"PF3D7_0109800","PF3D7_0109800.1","7","Low"
"PF3D7_0110500","PF3D7_0110500.1","7","Low"
"PF3D7_0110700","PF3D7_0110700.1","215","Low"
"PF3D7_0110800","PF3D7_0110800.1","1","Low"
"PF3D7_0111000","PF3D7_0111000.1","1","Low"
"PF3D7_0113000","PF3D7_0113000.1","1","High"
"PF3D7_0113100","PF3D7_0113100.1","4","Low"
"PF3D7_0113300","PF3D7_0113300.1","1","High"
"PF3D7_0113800","PF3D7_0113800.1","10","Low"
"PF3D7_0114300","PF3D7_0114300.1","1","Low"
"PF3D7_0115700","PF3D7_0115700.1","8","Low"
"PF3D7_0200100","PF3D7_0200100.1","3","Medium"
"PF3D7_0202000","PF3D7_0202000.1","4","Medium"
"PF3D7_0202100","PF3D7_0202100.1","31","High"
"PF3D7_0202800","PF3D7_0202800.1","1","Medium"
"PF3D7_0203000","PF3D7_0203000.1","12","High"
"PF3D7_0203100","PF3D7_0203100.1","1","Low"
"PF3D7_0203900","PF3D7_0203900.1","1","Medium"
"PF3D7_0204100","PF3D7_0204100.1","3","Low"
"PF3D7_0204600","PF3D7_0204600.1","3","Low"
"PF3D7_0204800","PF3D7_0204800.1","9","Low"
"PF3D7_0205100","PF3D7_0205100.1","3","Low"
"PF3D7_0205400","PF3D7_0205400.1","1","Low"
"PF3D7_0206000","PF3D7_0206000.1","7","Low"
"PF3D7_0206300","PF3D7_0206300.1","10","Low"
"PF3D7_0206800","PF3D7_0206800.1","251","High"
"PF3D7_0207000","PF3D7_0207000.1","5","Medium"
"PF3D7_0207100","PF3D7_0207100.1","4","Medium"
"PF3D7_0207300","PF3D7_0207300.1","7","Low"
"PF3D7_0207500","PF3D7_0207500.1","2","Medium"
"PF3D7_0207600","PF3D7_0207600.1","32","High"
"PF3D7_0208100","PF3D7_0208100.1","3","Low"
"PF3D7_0208400","PF3D7_0208400.1","7","Low"
"PF3D7_0208900","PF3D7_0208900.1","1","Medium"
"PF3D7_0209000","PF3D7_0209000.1","11","High"
"PF3D7_0209700","PF3D7_0209700.1","1","Medium"
"PF3D7_0210200","PF3D7_0210200.1","8","Medium"
"PF3D7_0211100","PF3D7_0211100.1","7","Low"
"PF3D7_0211500","PF3D7_0211500.1","22","Low"
"PF3D7_0211700","PF3D7_0211700.1","7","Low"
"PF3D7_0211800","PF3D7_0211800.1","1","Medium"
"PF3D7_0212100","PF3D7_0212100.1","21","Low"
"PF3D7_0212500","PF3D7_0212500.1","7","Low"
"PF3D7_0213600","PF3D7_0213600.1","4","Medium"
"PF3D7_0213800","PF3D7_0213800.1","7","Low"
"PF3D7_0214100","PF3D7_0214100.1","215","Low"
"PF3D7_0214300","PF3D7_0214300.1","3","Low"
"PF3D7_0214600","PF3D7_0214600.1","215","Low"
"PF3D7_0215200","PF3D7_0215200.1","3","Low"
"PF3D7_0215300","PF3D7_0215300.1","3","Low"
"PF3D7_0215400","PF3D7_0215400.1","7","Low"
"PF3D7_0215600","PF3D7_0215600.1","1","Low"
"PF3D7_0216000","PF3D7_0216000.1","2","Medium"
"PF3D7_0216100","PF3D7_0216100.1","3","Low"
"PF3D7_0216300","PF3D7_0216300.1","5","Low"
"PF3D7_0216600","PF3D7_0216600.1","21","Low"
"PF3D7_0216700","PF3D7_0216700.1","2","High"
"PF3D7_0216700","PF3D7_0216700.2","2","Medium"
"PF3D7_0217200","PF3D7_0217200.1","26","Low"
"PF3D7_0217600","PF3D7_0217600.1","8","Low"
"PF3D7_0218200","PF3D7_0218200.1","3","Low"
"PF3D7_0218600","PF3D7_0218600.1","24","Low"
"PF3D7_0220000","PF3D7_0220000.1","15","Medium"
"PF3D7_0220100","PF3D7_0220100.1","1","Medium"
"PF3D7_0220400","PF3D7_0220400.1","1","Low"
"PF3D7_0221100","PF3D7_0221100.1","1","Low"
"PF3D7_0222300","PF3D7_0222300.1","7","Low"
"PF3D7_0223500","PF3D7_0223500.1","4","Medium"
"PF3D7_0300100","PF3D7_0300100.1","2","Low"
"PF3D7_0301200","PF3D7_0301200.1","7","Low"
"PF3D7_0301500","PF3D7_0301500.1","3","Low"
"PF3D7_0301700","PF3D7_0301700.1","21","Low"
"PF3D7_0302100","PF3D7_0302100.1","1","Low"
"PF3D7_0302200","PF3D7_0302200.1","7","High"
"PF3D7_0302500","PF3D7_0302500.1","5","Low"
"PF3D7_0302600","PF3D7_0302600.1","9","Low"
"PF3D7_0302800","PF3D7_0302800.1","215","Low"
"PF3D7_0302900","PF3D7_0302900.1","219","Low"
"PF3D7_0303000","PF3D7_0303000.1","7","Low"
"PF3D7_0303200","PF3D7_0303200.1","3","Low"
"PF3D7_0303500","PF3D7_0303500.1","8","Medium"
"PF3D7_0303800","PF3D7_0303800.1","7","Low"
"PF3D7_0304600","PF3D7_0304600.1","451","High"
"PF3D7_0305100","PF3D7_0305100.1","11","Medium"
"PF3D7_0305200","PF3D7_0305200.1","8","High"
"PF3D7_0305500","PF3D7_0305500.1","25","High"
"PF3D7_0305600","PF3D7_0305600.1","10","Low"
"PF3D7_0305800","PF3D7_0305800.1","1","Low"
"PF3D7_0306100","PF3D7_0306100.1","215","Low"
"PF3D7_0306400","PF3D7_0306400.1","3","Low"
"PF3D7_0307400","PF3D7_0307400.1","3","Low"
"PF3D7_0307600","PF3D7_0307600.1","2","Low"
"PF3D7_0307700","PF3D7_0307700.1","1","Medium"
"PF3D7_0307900","PF3D7_0307900.1","7","Low"
"PF3D7_0308100","PF3D7_0308100.1","220","High"
"PF3D7_0309000","PF3D7_0309000.1","21","Low"
"PF3D7_0309700","PF3D7_0309700.1","3","Low"
"PF3D7_0310100","PF3D7_0310100.1","3","Low"
"PF3D7_0310200","PF3D7_0310200.1","24","Low"
"PF3D7_0310400","PF3D7_0310400.1","223","Low"
"PF3D7_0310900","PF3D7_0310900.1","4","Medium"
"PF3D7_0311200","PF3D7_0311200.1","7","Low"
"PF3D7_0311400","PF3D7_0311400.1","21","Low"
"PF3D7_0311600","PF3D7_0311600.1","2","Medium"
"PF3D7_0312200","PF3D7_0312200.1","7","Low"
"PF3D7_0312300","PF3D7_0312300.1","1","Low"
"PF3D7_0314200","PF3D7_0314200.1","2","Low"
"PF3D7_0314700","PF3D7_0314700.1","29","Medium"
"PF3D7_0314900","PF3D7_0314900.1","7","Low"
"PF3D7_0315300","PF3D7_0315300.1","1","Low"
"PF3D7_0316000","PF3D7_0316000.1","41","High"
"PF3D7_0316200","PF3D7_0316200.1","3","Low"
"PF3D7_0316300","PF3D7_0316300.1","7","Low"
"PF3D7_0316300","PF3D7_0316300.2","1","Low"
"PF3D7_0317100","PF3D7_0317100.1","2","Medium"
"PF3D7_0317200","PF3D7_0317200.1","1","Low"
"PF3D7_0317300","PF3D7_0317300.1","5","High"
"PF3D7_0317400","PF3D7_0317400.1","1","Low"
"PF3D7_0317500","PF3D7_0317500.1","28","Low"
"PF3D7_0318200","PF3D7_0318200.1","1","Low"
"PF3D7_0318300","PF3D7_0318300.1","1","High"
"PF3D7_0318500","PF3D7_0318500.1","4","Low"
"PF3D7_0318600","PF3D7_0318600.1","3","Medium"
"PF3D7_0318800","PF3D7_0318800.1","7","Low"
"PF3D7_0318900","PF3D7_0318900.1","1","Medium"
"PF3D7_0319000","PF3D7_0319000.1","8","Medium"
"PF3D7_0319300","PF3D7_0319300.1","215","Low"
"PF3D7_0319400","PF3D7_0319400.1","21","Low"
"PF3D7_0319700","PF3D7_0319700.1","3","Low"
"PF3D7_0319900","PF3D7_0319900.1","2","Low"
"PF3D7_0320200","PF3D7_0320200.1","3","Low"
"PF3D7_0321000","PF3D7_0321000.1","1","Medium"
"PF3D7_0321600","PF3D7_0321600.1","7","Low"
"PF3D7_0321700","PF3D7_0321700.1","2","Low"
"PF3D7_0321800","PF3D7_0321800.1","31","Low"
"PF3D7_0321900","PF3D7_0321900.1","215","Low"
"PF3D7_0322300","PF3D7_0322300.1","7","Low"
"PF3D7_0322600","PF3D7_0322600.1","4","Low"
"PF3D7_0322700","PF3D7_0322700.1","4","Low"
"PF3D7_0323100","PF3D7_0323100.1","3","Low"
"PF3D7_0323600","PF3D7_0323600.1","3","Low"
"PF3D7_0324300","PF3D7_0324300.1","1","Low"
"PF3D7_0324900","PF3D7_0324900.1","2","Low"
"PF3D7_0400100","PF3D7_0400100.1","5","Low"
"PF3D7_0400200","PF3D7_0400200.1","2","Low"
"PF3D7_0400400","PF3D7_0400400.1","10","Low"
"PF3D7_0402300","PF3D7_0402300.1","21","High"
"PF3D7_0403200","PF3D7_0403200.1","7","Low"
"PF3D7_0403400","PF3D7_0403400.1","31","Low"
"PF3D7_0403600","PF3D7_0403600.1","2","Low"
"PF3D7_0403700","PF3D7_0403700.1","1","Low"
"PF3D7_0404100","PF3D7_0404100.1","219","Low"
"PF3D7_0404300","PF3D7_0404300.1","1","Low"
"PF3D7_0404400","PF3D7_0404400.1","4","Low"
"PF3D7_0404600","PF3D7_0404600.1","23","Low"
"PF3D7_0405200","PF3D7_0405200.1","4","High"
"PF3D7_0405300","PF3D7_0405300.1","10","Low"
"PF3D7_0405400","PF3D7_0405400.1","224","Low"
"PF3D7_0405700","PF3D7_0405700.1","244","Low"
"PF3D7_0405900","PF3D7_0405900.1","7","Low"
"PF3D7_0406200","PF3D7_0406200.1","17","High"
"PF3D7_0406500","PF3D7_0406500.1","7","Low"
"PF3D7_0407600","PF3D7_0407600.1","1","Low"
"PF3D7_0407800","PF3D7_0407800.1","1","Low"
"PF3D7_0407900","PF3D7_0407900.1","1","Low"
"PF3D7_0408100","PF3D7_0408100.1","3","Low"
"PF3D7_0408900","PF3D7_0408900.1","3","Low"
"PF3D7_0408900","PF3D7_0408900.2","3","Low"
"PF3D7_0409000","PF3D7_0409000.1","4","Low"
"PF3D7_0409300","PF3D7_0409300.1","3","Low"
"PF3D7_0409600","PF3D7_0409600.1","215","Low"
"PF3D7_0410000","PF3D7_0410000.1","3","Low"
"PF3D7_0410300","PF3D7_0410300.1","1","Medium"
"PF3D7_0410500","PF3D7_0410500.1","1","High"
"PF3D7_0410600","PF3D7_0410600.1","3","Low"
"PF3D7_0410800","PF3D7_0410800.1","21","Low"
"PF3D7_0410900","PF3D7_0410900.1","3","Low"
"PF3D7_0411000","PF3D7_0411000.1","23","Low"
"PF3D7_0411200","PF3D7_0411200.1","3","Low"
"PF3D7_0411300","PF3D7_0411300.1","3","Low"
"PF3D7_0411400","PF3D7_0411400.1","4","Low"
"PF3D7_0411800","PF3D7_0411800.1","9","Low"
"PF3D7_0411900","PF3D7_0411900.1","24","Medium"
"PF3D7_0412100","PF3D7_0412100.1","1","Medium"
"PF3D7_0412400","PF3D7_0412400.1","4","Medium"
"PF3D7_0412700","PF3D7_0412700.1","4","Medium"
"PF3D7_0412900","PF3D7_0412900.1","4","Medium"
"PF3D7_0413100","PF3D7_0413100.1","4","Medium"
"PF3D7_0413500","PF3D7_0413500.1","215","Low"
"PF3D7_0414000","PF3D7_0414000.1","1","High"
"PF3D7_0414100","PF3D7_0414100.1","1","Medium"
"PF3D7_0414400","PF3D7_0414400.1","1","Low"
"PF3D7_0414700","PF3D7_0414700.1","21","Low"
"PF3D7_0415100","PF3D7_0415100.1","3","Low"
"PF3D7_0415200","PF3D7_0415200.1","10","Low"
"PF3D7_0416200","PF3D7_0416200.1","1","Low"
"PF3D7_0416400","PF3D7_0416400.1","3","Low"
"PF3D7_0416900","PF3D7_0416900.1","3","Low"
"PF3D7_0417200","PF3D7_0417200.1","3","Low"
"PF3D7_0417300","PF3D7_0417300.1","1","Low"
"PF3D7_0417400","PF3D7_0417400.1","1","Low"
"PF3D7_0417700","PF3D7_0417700.1","3","Low"
"PF3D7_0418000","PF3D7_0418000.1","4","Low"
"PF3D7_0418100","PF3D7_0418100.1","8","Medium"
"PF3D7_0418300","PF3D7_0418300.1","1","Low"
"PF3D7_0418600","PF3D7_0418600.1","7","Low"
"PF3D7_0418700","PF3D7_0418700.1","7","Low"
"PF3D7_0419400","PF3D7_0419400.1","28","Low"
"PF3D7_0419500","PF3D7_0419500.1","4","Medium"
"PF3D7_0419700","PF3D7_0419700.1","1","Medium"
"PF3D7_0419900","PF3D7_0419900.1","31","Low"
"PF3D7_0420000","PF3D7_0420000.1","4","High"
"PF3D7_0420300","PF3D7_0420300.1","22","Medium"
"PF3D7_0420400","PF3D7_0420400.1","3","Low"
"PF3D7_0420700","PF3D7_0420700.1","13","Low"
"PF3D7_0420900","PF3D7_0420900.1","14","Low"
"PF3D7_0421100","PF3D7_0421100.1","3","Medium"
"PF3D7_0421300","PF3D7_0421300.1","1","Low"
"PF3D7_0421700","PF3D7_0421700.1","4","Medium"
"PF3D7_0422100","PF3D7_0422100.1","216","Low"
"PF3D7_0422200","PF3D7_0422200.1","1","Low"
"PF3D7_0422500","PF3D7_0422500.1","1","Medium"
"PF3D7_0423400","PF3D7_0423400.1","8","High"
"PF3D7_0423600","PF3D7_0423600.1","22","High"
"PF3D7_0423900","PF3D7_0423900.1","21","Low"
"PF3D7_0424100","PF3D7_0424100.1","15","High"
"PF3D7_0424200","PF3D7_0424200.1","6","Medium"
"PF3D7_0424400","PF3D7_0424400.1","1","Medium"
"PF3D7_0424700","PF3D7_0424700.1","7","Low"
"PF3D7_0424800","PF3D7_0424800.1","1","Low"
"PF3D7_0425000","PF3D7_0425000.1","7","Low"
"PF3D7_0425800","PF3D7_0425800.1","14","Medium"
"PF3D7_0426000","PF3D7_0426000.1","7","Medium"
"PF3D7_0500100","PF3D7_0500100.1","6","Medium"
"PF3D7_0500800","PF3D7_0500800.1","2","Medium"
"PF3D7_0501400","PF3D7_0501400.1","8","High"
"PF3D7_0501600","PF3D7_0501600.1","173","High"
"PF3D7_0501700","PF3D7_0501700.1","4","Low"
"PF3D7_0501800","PF3D7_0501800.1","1","Medium"
"PF3D7_0502000","PF3D7_0502000.1","1","High"
"PF3D7_0502200","PF3D7_0502200.1","3","Low"
"PF3D7_0502400","PF3D7_0502400.1","5","Medium"
"PF3D7_0502600","PF3D7_0502600.1","1","Low"
"PF3D7_0504000","PF3D7_0504000.1","1","High"
"PF3D7_0504600","PF3D7_0504600.1","215","Low"
"PF3D7_0504700","PF3D7_0504700.1","1","Low"
"PF3D7_0504800","PF3D7_0504800.1","2","Low"
"PF3D7_0505000","PF3D7_0505000.1","2","Medium"
"PF3D7_0505100","PF3D7_0505100.1","7","Low"
"PF3D7_0505600","PF3D7_0505600.1","1","Medium"
"PF3D7_0506500","PF3D7_0506500.1","5","Medium"
"PF3D7_0507500","PF3D7_0507500.1","1","Low"
"PF3D7_0507700","PF3D7_0507700.1","7","Low"
"PF3D7_0508400","PF3D7_0508400.1","2","Medium"
"PF3D7_0508700","PF3D7_0508700.1","1","Low"
"PF3D7_0508900","PF3D7_0508900.1","31","Low"
"PF3D7_0509100","PF3D7_0509100.1","215","Low"
"PF3D7_0509400","PF3D7_0509400.1","1","Low"
"PF3D7_0509500","PF3D7_0509500.1","219","Low"
"PF3D7_0509800","PF3D7_0509800.1","22","Low"
"PF3D7_0510000","PF3D7_0510000.1","1","Low"
"PF3D7_0510100","PF3D7_0510100.1","21","Low"
"PF3D7_0511300","PF3D7_0511300.1","1","Low"
"PF3D7_0511500","PF3D7_0511500.1","14","High"
"PF3D7_0511700","PF3D7_0511700.1","3","Low"
"PF3D7_0511900","PF3D7_0511900.1","7","Low"
"PF3D7_0512000","PF3D7_0512000.1","1","Medium"
"PF3D7_0512400","PF3D7_0512400.1","1","Low"
"PF3D7_0512900","PF3D7_0512900.1","3","Low"
"PF3D7_0513200","PF3D7_0513200.1","24","Low"
"PF3D7_0513600","PF3D7_0513600.1","215","Low"
"PF3D7_0514100","PF3D7_0514100.1","7","Low"
"PF3D7_0514200","PF3D7_0514200.1","21","Low"
"PF3D7_0514300","PF3D7_0514300.1","223","Low"
"PF3D7_0514700","PF3D7_0514700.1","1","Low"
"PF3D7_0515300","PF3D7_0515300.1","7","Low"
"PF3D7_0515600","PF3D7_0515600.1","7","Low"
"PF3D7_0516000","PF3D7_0516000.1","7","Low"
"PF3D7_0516100","PF3D7_0516100.1","3","Low"
"PF3D7_0516600","PF3D7_0516600.1","10","Low"
"PF3D7_0516700","PF3D7_0516700.1","7","Low"
"PF3D7_0516800","PF3D7_0516800.1","1","Low"
"PF3D7_0517100","PF3D7_0517100.1","3","Low"
"PF3D7_0518700","PF3D7_0518700.1","21","Low"
"PF3D7_0519500","PF3D7_0519500.1","8","Medium"
"PF3D7_0520500","PF3D7_0520500.1","3","Low"
"PF3D7_0520600","PF3D7_0520600.1","1","Medium"
"PF3D7_0521000","PF3D7_0521000.1","7","Low"
"PF3D7_0521500","PF3D7_0521500.1","3","Low"
"PF3D7_0521900","PF3D7_0521900.1","7","Low"
"PF3D7_0522100","PF3D7_0522100.1","21","Low"
"PF3D7_0522400","PF3D7_0522400.1","247","Low"
"PF3D7_0522900","PF3D7_0522900.1","21","Low"
"PF3D7_0523000","PF3D7_0523000.1","1","High"
"PF3D7_0523200","PF3D7_0523200.1","9","Low"
"PF3D7_0523800","PF3D7_0523800.1","21","Low"
"PF3D7_0524100","PF3D7_0524100.1","4","Low"
"PF3D7_0524900","PF3D7_0524900.1","1","Medium"
"PF3D7_0525000","PF3D7_0525000.1","1","Low"
"PF3D7_0525200","PF3D7_0525200.1","1","Low"
"PF3D7_0525300","PF3D7_0525300.1","21","Low"
"PF3D7_0525500","PF3D7_0525500.1","4","Medium"
"PF3D7_0526000","PF3D7_0526000.1","5","Low"
"PF3D7_0526500","PF3D7_0526500.1","1","Low"
"PF3D7_0526600","PF3D7_0526600.1","3","High"
"PF3D7_0526700","PF3D7_0526700.1","1","Medium"
"PF3D7_0527000","PF3D7_0527000.1","1","Low"
"PF3D7_0527500","PF3D7_0527500.1","5","Low"
"PF3D7_0527900","PF3D7_0527900.1","21","Low"
"PF3D7_0528800","PF3D7_0528800.1","3","Low"
"PF3D7_0529200","PF3D7_0529200.1","3","Low"
"PF3D7_0529400","PF3D7_0529400.1","241","Low"
"PF3D7_0529400","PF3D7_0529400.2","21","Low"
"PF3D7_0530100","PF3D7_0530100.1","3","Low"
"PF3D7_0530200","PF3D7_0530200.1","3","Low"
"PF3D7_0530400","PF3D7_0530400.1","3","Low"
"PF3D7_0530600","PF3D7_0530600.1","7","Low"
"PF3D7_0530700","PF3D7_0530700.1","2","Low"
"PF3D7_0531100","PF3D7_0531100.1","2","Low"
"PF3D7_0531300","PF3D7_0531300.1","1","Low"
"PF3D7_0531400","PF3D7_0531400.1","7","Low"
"PF3D7_0533100","PF3D7_0533100.1","8","Low"
"PF3D7_0600200","PF3D7_0600200.1","1","Low"
"PF3D7_0600400","PF3D7_0600400.1","18","Low"
"PF3D7_0601000","PF3D7_0601000.1","7","Low"
"PF3D7_0602000","PF3D7_0602000.1","28","Low"
"PF3D7_0602600","PF3D7_0602600.1","28","Low"
"PF3D7_0603000","PF3D7_0603000.1","1","Low"
"PF3D7_0603400","PF3D7_0603400.1","5","High"
"PF3D7_0604000","PF3D7_0604000.1","28","Low"
"PF3D7_0604100","PF3D7_0604100.1","222","Low"
"PF3D7_0604300","PF3D7_0604300.1","7","Low"
"PF3D7_0604500","PF3D7_0604500.1","5","Low"
"PF3D7_0604700","PF3D7_0604700.1","2","Low"
"PF3D7_0604800","PF3D7_0604800.1","7","Low"
"PF3D7_0605400","PF3D7_0605400.1","1","Low"
"PF3D7_0605600","PF3D7_0605600.1","2","Low"
"PF3D7_0605800","PF3D7_0605800.1","2","High"
"PF3D7_0606000","PF3D7_0606000.1","3","Low"
"PF3D7_0606600","PF3D7_0606600.1","1","Low"
"PF3D7_0607000","PF3D7_0607000.1","10","Low"
"PF3D7_0607100","PF3D7_0607100.1","3","Low"
"PF3D7_0607700","PF3D7_0607700.1","5","High"
"PF3D7_0608300","PF3D7_0608300.1","3","Low"
"PF3D7_0608310","PF3D7_0608310.1","1","Low"
"PF3D7_0608400","PF3D7_0608400.1","1","Medium"
"PF3D7_0608600","PF3D7_0608600.1","8","Medium"
"PF3D7_0609000","PF3D7_0609000.1","25","Low"
"PF3D7_0609500","PF3D7_0609500.1","3","Low"
"PF3D7_0609700","PF3D7_0609700.1","7","Low"
"PF3D7_0610200","PF3D7_0610200.1","2","Low"
"PF3D7_0611600","PF3D7_0611600.1","1","Medium"
"PF3D7_0611800","PF3D7_0611800.1","5","Low"
"PF3D7_0612100","PF3D7_0612100.1","22","Medium"
"PF3D7_0612800","PF3D7_0612800.1","1","Low"
"PF3D7_0613300","PF3D7_0613300.1","3","Low"
"PF3D7_0613500","PF3D7_0613500.1","21","Low"
"PF3D7_0613800","PF3D7_0613800.1","22","Low"
"PF3D7_0613900","PF3D7_0613900.1","1","Medium"
"PF3D7_0614600","PF3D7_0614600.1","21","Low"
"PF3D7_0615000","PF3D7_0615000.1","1","Medium"
"PF3D7_0615400","PF3D7_0615400.1","7","Low"
"PF3D7_0615600","PF3D7_0615600.1","10","Low"
"PF3D7_0615800","PF3D7_0615800.1","21","Low"
"PF3D7_0615900","PF3D7_0615900.1","9","Medium"
"PF3D7_0616400","PF3D7_0616400.1","7","Low"
"PF3D7_0616500","PF3D7_0616500.1","215","Low"
"PF3D7_0616600","PF3D7_0616600.1","21","Low"
"PF3D7_0616800","PF3D7_0616800.1","7","Low"
"PF3D7_0616900","PF3D7_0616900.1","1","Medium"
"PF3D7_0617100","PF3D7_0617100.1","1","Low"
"PF3D7_0617200","PF3D7_0617200.1","1","High"
"PF3D7_0617400","PF3D7_0617400.1","10","Low"
"PF3D7_0618800","PF3D7_0618800.1","3","Low"
"PF3D7_0619000","PF3D7_0619000.1","7","Low"
"PF3D7_0619000","PF3D7_0619000.2","1","Low"
"PF3D7_0619200","PF3D7_0619200.1","1","Medium"
"PF3D7_0619300","PF3D7_0619300.1","216","Low"
"PF3D7_0620200","PF3D7_0620200.1","21","Low"
"PF3D7_0620400","PF3D7_0620400.1","3","High"
"PF3D7_0621000","PF3D7_0621000.1","3","Low"
"PF3D7_0621100","PF3D7_0621100.1","7","Low"
"PF3D7_0622100","PF3D7_0622100.1","28","Low"
"PF3D7_0623100","PF3D7_0623100.1","7","Low"
"PF3D7_0623600","PF3D7_0623600.1","1","Low"
"PF3D7_0623800","PF3D7_0623800.1","223","Low"
"PF3D7_0624400","PF3D7_0624400.1","3","Low"
"PF3D7_0624600","PF3D7_0624600.1","1","Low"
"PF3D7_0625300","PF3D7_0625300.1","1","Low"
"PF3D7_0625400","PF3D7_0625400.1","7","Low"
"PF3D7_0626000","PF3D7_0626000.1","21","Low"
"PF3D7_0627100","PF3D7_0627100.1","219","Low"
"PF3D7_0627300","PF3D7_0627300.1","7","Low"
"PF3D7_0627700","PF3D7_0627700.1","7","Low"
"PF3D7_0627800","PF3D7_0627800.1","7","Low"
"PF3D7_0628100","PF3D7_0628100.1","219","High"
"PF3D7_0628200","PF3D7_0628200.1","1","Low"
"PF3D7_0628800","PF3D7_0628800.1","3","Low"
"PF3D7_0629100","PF3D7_0629100.1","1","Low"
"PF3D7_0629700","PF3D7_0629700.1","5","Medium"
"PF3D7_0630000","PF3D7_0630000.1","1","Low"
"PF3D7_0630100","PF3D7_0630100.1","1","Low"
"PF3D7_0630300","PF3D7_0630300.1","2","Low"
"PF3D7_0630400","PF3D7_0630400.1","21","Low"
"PF3D7_0630600","PF3D7_0630600.1","22","Low"
"PF3D7_0630700","PF3D7_0630700.1","7","Low"
"PF3D7_0630800","PF3D7_0630800.1","3","Low"
"PF3D7_0631600","PF3D7_0631600.1","7","Low"
"PF3D7_0632500","PF3D7_0632500.1","14","Medium"
"PF3D7_0632800","PF3D7_0632800.1","7","Medium"
"PF3D7_0700100","PF3D7_0700100.1","222","Medium"
"PF3D7_0701400","PF3D7_0701400.1","1","Low"
"PF3D7_0702300","PF3D7_0702300.1","7","Medium"
"PF3D7_0703200","PF3D7_0703200.1","3","Low"
"PF3D7_0703500","PF3D7_0703500.1","8","Low"
"PF3D7_0703600","PF3D7_0703600.1","1","High"
"PF3D7_0703800","PF3D7_0703800.1","8","High"
"PF3D7_0703900","PF3D7_0703900.1","26","Medium"
"PF3D7_0704000","PF3D7_0704000.1","8","Low"
"PF3D7_0704100","PF3D7_0704100.1","31","Low"
"PF3D7_0704200","PF3D7_0704200.1","4","Medium"
"PF3D7_0704300","PF3D7_0704300.1","1","Low"
"PF3D7_0704500","PF3D7_0704500.1","25","Low"
"PF3D7_0704600","PF3D7_0704600.1","1","Low"
"PF3D7_0704700","PF3D7_0704700.1","29","Low"
"PF3D7_0704800","PF3D7_0704800.1","3","Low"
"PF3D7_0705000","PF3D7_0705000.1","7","Low"
"PF3D7_0705100","PF3D7_0705100.1","1","High"
"PF3D7_0705200","PF3D7_0705200.1","9","Low"
"PF3D7_0705500","PF3D7_0705500.1","23","Low"
"PF3D7_0706100","PF3D7_0706100.1","7","Low"
"PF3D7_0706300","PF3D7_0706300.1","3","Low"
"PF3D7_0706500","PF3D7_0706500.1","32","Medium"
"PF3D7_0707200","PF3D7_0707200.1","4","Medium"
"PF3D7_0707700","PF3D7_0707700.1","23","Low"
"PF3D7_0708200","PF3D7_0708200.1","3","Low"
"PF3D7_0708500","PF3D7_0708500.1","1","Medium"
"PF3D7_0709100","PF3D7_0709100.1","215","Low"
"PF3D7_0709300","PF3D7_0709300.1","1","Low"
"PF3D7_0709600","PF3D7_0709600.1","1","Low"
"PF3D7_0709900","PF3D7_0709900.1","2","Low"
"PF3D7_0710200","PF3D7_0710200.1","21","Low"
"PF3D7_0711200","PF3D7_0711200.1","4","Low"
"PF3D7_0711500","PF3D7_0711500.1","1","Low"
"PF3D7_0711700","PF3D7_0711700.1","2","Medium"
"PF3D7_0712000","PF3D7_0712000.1","5","Medium"
"PF3D7_0712300","PF3D7_0712300.1","6","Medium"
"PF3D7_0712400","PF3D7_0712400.1","8","Low"
"PF3D7_0712600","PF3D7_0712600.1","6","Medium"
"PF3D7_0712800","PF3D7_0712800.1","7","Medium"
"PF3D7_0712900","PF3D7_0712900.1","3","Medium"
"PF3D7_0713600","PF3D7_0713600.1","1","Low"
"PF3D7_0713900","PF3D7_0713900.1","5","Low"
"PF3D7_0714100","PF3D7_0714100.1","7","Low"
"PF3D7_0714200","PF3D7_0714200.1","21","Low"
"PF3D7_0715200","PF3D7_0715200.1","24","Low"
"PF3D7_0716000","PF3D7_0716000.1","6","Low"
"PF3D7_0716100","PF3D7_0716100.1","7","Low"
"PF3D7_0716500","PF3D7_0716500.1","1","Low"
"PF3D7_0716700","PF3D7_0716700.1","1","Low"
"PF3D7_0717600","PF3D7_0717600.1","1","Low"
"PF3D7_0718000","PF3D7_0718000.1","8","Medium"
"PF3D7_0718100","PF3D7_0718100.1","4","Medium"
"PF3D7_0718400","PF3D7_0718400.1","5","Low"
"PF3D7_0719000","PF3D7_0719000.1","3","Low"
"PF3D7_0719300","PF3D7_0719300.1","1","Medium"
"PF3D7_0719400","PF3D7_0719400.1","21","Low"
"PF3D7_0719900","PF3D7_0719900.1","1","Low"
"PF3D7_0720700","PF3D7_0720700.1","22","Low"
"PF3D7_0721000","PF3D7_0721000.1","5","Medium"
"PF3D7_0721300","PF3D7_0721300.1","7","Low"
"PF3D7_0721500","PF3D7_0721500.1","1","Low"
"PF3D7_0721800","PF3D7_0721800.1","1","Low"
"PF3D7_0722000","PF3D7_0722000.1","1","Low"
"PF3D7_0722200","PF3D7_0722200.1","1","Low"
"PF3D7_0722300","PF3D7_0722300.1","21","Low"
"PF3D7_0723700","PF3D7_0723700.1","1","Low"
"PF3D7_0723800","PF3D7_0723800.1","4","Low"
"PF3D7_0723900","PF3D7_0723900.1","215","Low"
"PF3D7_0724000","PF3D7_0724000.1","1","Low"
"PF3D7_0724100","PF3D7_0724100.1","3","Low"
"PF3D7_0724600","PF3D7_0724600.1","24","Low"
"PF3D7_0724900","PF3D7_0724900.1","1","Medium"
"PF3D7_0725000","PF3D7_0725000.1","7","Low"
"PF3D7_0726100","PF3D7_0726100.1","4","Low"
"PF3D7_0726200","PF3D7_0726200.1","1","Low"
"PF3D7_0726300","PF3D7_0726300.1","3","Low"
"PF3D7_0726400","PF3D7_0726400.1","29","Medium"
"PF3D7_0726500","PF3D7_0726500.1","1","Low"
"PF3D7_0727000","PF3D7_0727000.1","1","High"
"PF3D7_0727100","PF3D7_0727100.1","3","Low"
"PF3D7_0727500","PF3D7_0727500.1","3","Low"
"PF3D7_0727600","PF3D7_0727600.1","1","Low"
"PF3D7_0727700","PF3D7_0727700.1","3","Low"
"PF3D7_0727800","PF3D7_0727800.1","1","Low"
"PF3D7_0727900","PF3D7_0727900.1","4","Low"
"PF3D7_0728100","PF3D7_0728100.1","10","Low"
"PF3D7_0728200","PF3D7_0728200.1","7","Low"
"PF3D7_0728700","PF3D7_0728700.1","1","Medium"
"PF3D7_0729100","PF3D7_0729100.1","25","Medium"
"PF3D7_0729500","PF3D7_0729500.1","1","Low"
"PF3D7_0729700","PF3D7_0729700.1","3","Low"
"PF3D7_0729900","PF3D7_0729900.1","8","Low"
"PF3D7_0730100","PF3D7_0730100.1","1","Low"
"PF3D7_0730300","PF3D7_0730300.1","1","Low"
"PF3D7_0730500","PF3D7_0730500.1","28","Low"
"PF3D7_0731200","PF3D7_0731200.1","3","Low"
"PF3D7_0731500","PF3D7_0731500.1","36","High"
"PF3D7_0733000","PF3D7_0733000.1","4","Medium"
"PF3D7_0800100","PF3D7_0800100.1","17","Medium"
"PF3D7_0800200","PF3D7_0800200.1","15","Low"
"PF3D7_0800300","PF3D7_0800300.1","5","Medium"
"PF3D7_0801000","PF3D7_0801000.1","1","Low"
"PF3D7_0801700","PF3D7_0801700.1","1","Low"
"PF3D7_0801800","PF3D7_0801800.1","2","Low"
"PF3D7_0801900","PF3D7_0801900.1","24","Low"
"PF3D7_0802000","PF3D7_0802000.1","1","Low"
"PF3D7_0802100","PF3D7_0802100.1","1","Low"
"PF3D7_0802400","PF3D7_0802400.1","10","Low"
"PF3D7_0802500","PF3D7_0802500.1","7","Low"
"PF3D7_0802600","PF3D7_0802600.1","7","Low"
"PF3D7_0803100","PF3D7_0803100.1","3","Low"
"PF3D7_0803400","PF3D7_0803400.1","1","Low"
"PF3D7_0803600","PF3D7_0803600.1","3","Low"
"PF3D7_0804300","PF3D7_0804300.1","7","Low"
"PF3D7_0804500","PF3D7_0804500.1","4","Medium"
"PF3D7_0804700","PF3D7_0804700.1","24","Low"
"PF3D7_0805300","PF3D7_0805300.1","4","Medium"
"PF3D7_0806300","PF3D7_0806300.1","216","Medium"
"PF3D7_0806500","PF3D7_0806500.1","3","Low"
"PF3D7_0806700","PF3D7_0806700.1","3","Low"
"PF3D7_0806800","PF3D7_0806800.1","1","Low"
"PF3D7_0807100","PF3D7_0807100.1","21","Low"
"PF3D7_0808200","PF3D7_0808200.1","217","Low"
"PF3D7_0808600","PF3D7_0808600.1","19","Medium"
"PF3D7_0808700","PF3D7_0808700.1","15","Medium"
"PF3D7_0809100","PF3D7_0809100.1","4","Medium"
"PF3D7_0809200","PF3D7_0809200.1","2","Low"
"PF3D7_0809400","PF3D7_0809400.1","1","Low"
"PF3D7_0809600","PF3D7_0809600.1","25","Low"
"PF3D7_0809800","PF3D7_0809800.1","3","Low"
"PF3D7_0810400","PF3D7_0810400.1","1","Low"
"PF3D7_0810600","PF3D7_0810600.1","1","Low"
"PF3D7_0811200","PF3D7_0811200.1","1","Medium"
"PF3D7_0811300","PF3D7_0811300.1","244","Low"
"PF3D7_0811500","PF3D7_0811500.1","2","Low"
"PF3D7_0811900","PF3D7_0811900.1","4","Low"
"PF3D7_0812100","PF3D7_0812100.1","1","Low"
"PF3D7_0813500","PF3D7_0813500.1","8","Medium"
"PF3D7_0813700","PF3D7_0813700.1","4","Low"
"PF3D7_0814300","PF3D7_0814300.1","1","Low"
"PF3D7_0815300","PF3D7_0815300.1","5","Low"
"PF3D7_0815800","PF3D7_0815800.1","1","Low"
"PF3D7_0816200","PF3D7_0816200.1","10","Low"
"PF3D7_0816300","PF3D7_0816300.1","8","Medium"
"PF3D7_0816400","PF3D7_0816400.1","3","Low"
"PF3D7_0816600","PF3D7_0816600.1","216","Low"
"PF3D7_0817200","PF3D7_0817200.1","7","Low"
"PF3D7_0817300","PF3D7_0817300.1","243","Low"
"PF3D7_0817600","PF3D7_0817600.1","1","Low"
"PF3D7_0818000","PF3D7_0818000.1","7","Low"
"PF3D7_0818700","PF3D7_0818700.1","1","Low"
"PF3D7_0818800","PF3D7_0818800.1","1","Low"
"PF3D7_0818900","PF3D7_0818900.1","24","High"
"PF3D7_0819000","PF3D7_0819000.1","1","Medium"
"PF3D7_0819200","PF3D7_0819200.1","1","Low"
"PF3D7_0819400","PF3D7_0819400.1","3","Low"
"PF3D7_0819500","PF3D7_0819500.1","3","Low"
"PF3D7_0820000","PF3D7_0820000.1","2","High"
"PF3D7_0820200","PF3D7_0820200.1","3","Low"
"PF3D7_0820900","PF3D7_0820900.1","8","Medium"
"PF3D7_0821500","PF3D7_0821500.1","2","Low"
"PF3D7_0822200","PF3D7_0822200.1","3","Low"
"PF3D7_0823000","PF3D7_0823000.1","1","Low"
"PF3D7_0823300","PF3D7_0823300.1","21","Low"
"PF3D7_0824000","PF3D7_0824000.1","22","Low"
"PF3D7_0824200","PF3D7_0824200.1","21","Low"
"PF3D7_0824600","PF3D7_0824600.1","7","Low"
"PF3D7_0824800","PF3D7_0824800.1","7","Low"
"PF3D7_0825500","PF3D7_0825500.1","1","Low"
"PF3D7_0825800","PF3D7_0825800.1","7","Low"
"PF3D7_0825900","PF3D7_0825900.1","1","Low"
"PF3D7_0826000","PF3D7_0826000.1","21","Low"
"PF3D7_0826100","PF3D7_0826100.1","32","Low"
"PF3D7_0826300","PF3D7_0826300.1","3","Low"
"PF3D7_0826500","PF3D7_0826500.1","21","Low"
"PF3D7_0826900","PF3D7_0826900.1","3","Low"
"PF3D7_0827000","PF3D7_0827000.1","21","Low"
"PF3D7_0827100","PF3D7_0827100.1","3","Low"
"PF3D7_0827200","PF3D7_0827200.1","8","Low"
"PF3D7_0827600","PF3D7_0827600.1","4","Medium"
"PF3D7_0827800","PF3D7_0827800.1","246","Low"
"PF3D7_0828100","PF3D7_0828100.1","1","Low"
"PF3D7_0828200","PF3D7_0828200.1","3","Low"
"PF3D7_0828300","PF3D7_0828300.1","3","Low"
"PF3D7_0828700","PF3D7_0828700.1","3","High"
"PF3D7_0828800","PF3D7_0828800.1","1","Low"
"PF3D7_0829000","PF3D7_0829000.1","1","Low"
"PF3D7_0829500","PF3D7_0829500.1","21","Low"
"PF3D7_0830300","PF3D7_0830300.1","1","Low"
"PF3D7_0831300","PF3D7_0831300.1","1","Low"
"PF3D7_0831600","PF3D7_0831600.1","2","Medium"
"PF3D7_0831800","PF3D7_0831800.1","8","Medium"
"PF3D7_0833300","PF3D7_0833300.1","4","Low"
"PF3D7_0833500","PF3D7_0833500.1","22","Low"
"PF3D7_0900100","PF3D7_0900100.1","37","Medium"
"PF3D7_0901900","PF3D7_0901900.1","1","Low"
"PF3D7_0902800","PF3D7_0902800.1","7","Low"
"PF3D7_0903300","PF3D7_0903300.1","21","Low"
"PF3D7_0903400","PF3D7_0903400.1","1","Medium"
"PF3D7_0903500","PF3D7_0903500.1","1","Low"
"PF3D7_0903800","PF3D7_0903800.1","1","Low"
"PF3D7_0904100","PF3D7_0904100.1","25","Low"
"PF3D7_0904300","PF3D7_0904300.1","1","Low"
"PF3D7_0904600","PF3D7_0904600.1","9","Low"
"PF3D7_0904900","PF3D7_0904900.1","1","Medium"
"PF3D7_0905100","PF3D7_0905100.1","1","Medium"
"PF3D7_0905200","PF3D7_0905200.1","3","Low"
"PF3D7_0905300","PF3D7_0905300.1","4","Medium"
"PF3D7_0905400","PF3D7_0905400.1","4","Low"
"PF3D7_0905800","PF3D7_0905800.1","21","Low"
"PF3D7_0906000","PF3D7_0906000.1","3","Low"
"PF3D7_0906300","PF3D7_0906300.1","7","Low"
"PF3D7_0907200","PF3D7_0907200.1","8","Low"
"PF3D7_0907600","PF3D7_0907600.1","215","Low"
"PF3D7_0907700","PF3D7_0907700.1","1","Medium"
"PF3D7_0907900","PF3D7_0907900.1","3","Low"
"PF3D7_0908500","PF3D7_0908500.1","7","Low"
"PF3D7_0908600","PF3D7_0908600.1","1","Medium"
"PF3D7_0908700","PF3D7_0908700.1","3","Low"
"PF3D7_0909400","PF3D7_0909400.1","216","Low"
"PF3D7_0909700","PF3D7_0909700.1","25","Low"
"PF3D7_0909900","PF3D7_0909900.1","7","Low"
"PF3D7_0910100","PF3D7_0910100.1","1","Low"
"PF3D7_0910200","PF3D7_0910200.1","22","Low"
"PF3D7_0910400","PF3D7_0910400.1","7","Low"
"PF3D7_0910900","PF3D7_0910900.1","7","Low"
"PF3D7_0911300","PF3D7_0911300.1","22","Low"
"PF3D7_0912000","PF3D7_0912000.1","1","Medium"
"PF3D7_0913100","PF3D7_0913100.1","1","Low"
"PF3D7_0913600","PF3D7_0913600.1","3","Low"
"PF3D7_0914000","PF3D7_0914000.1","3","Low"
"PF3D7_0914500","PF3D7_0914500.1","3","Low"
"PF3D7_0915200","PF3D7_0915200.1","7","Low"
"PF3D7_0915400","PF3D7_0915400.1","7","Low"
"PF3D7_0916000","PF3D7_0916000.1","7","Low"
"PF3D7_0916200","PF3D7_0916200.1","7","Low"
"PF3D7_0916400","PF3D7_0916400.1","7","Low"
"PF3D7_0916900","PF3D7_0916900.1","1","Medium"
"PF3D7_0917000","PF3D7_0917000.1","1","Low"
"PF3D7_0917900","PF3D7_0917900.1","1","Medium"
"PF3D7_0918400","PF3D7_0918400.1","1","Low"
"PF3D7_0918800","PF3D7_0918800.1","1","Low"
"PF3D7_0918900","PF3D7_0918900.1","7","Low"
"PF3D7_0919600","PF3D7_0919600.1","3","Low"
"PF3D7_0919800","PF3D7_0919800.1","7","Low"
"PF3D7_0920400","PF3D7_0920400.1","2","Low"
"PF3D7_0920700","PF3D7_0920700.1","21","Low"
"PF3D7_0921200","PF3D7_0921200.1","3","Low"
"PF3D7_0921600","PF3D7_0921600.1","7","Low"
"PF3D7_0921700","PF3D7_0921700.1","1","Medium"
"PF3D7_0922100","PF3D7_0922100.1","7","Low"
"PF3D7_0922300","PF3D7_0922300.1","3","Low"
"PF3D7_0922800","PF3D7_0922800.1","21","Low"
"PF3D7_0923300","PF3D7_0923300.1","216","Medium"
"PF3D7_0923400","PF3D7_0923400.1","1","Low"
"PF3D7_0923500","PF3D7_0923500.1","21","Low"
"PF3D7_0924000","PF3D7_0924000.1","7","Low"
"PF3D7_0924100","PF3D7_0924100.1","1","Low"
"PF3D7_0924300","PF3D7_0924300.1","7","Low"
"PF3D7_0924400","PF3D7_0924400.1","8","Low"
"PF3D7_0924600","PF3D7_0924600.1","1","Medium"
"PF3D7_0925800","PF3D7_0925800.1","24","Low"
"PF3D7_0926000","PF3D7_0926000.1","1","Low"
"PF3D7_0926100","PF3D7_0926100.1","28","Low"
"PF3D7_0926400","PF3D7_0926400.1","3","Low"
"PF3D7_0926500","PF3D7_0926500.1","22","Low"
"PF3D7_0926700","PF3D7_0926700.1","1","Low"
"PF3D7_0926800","PF3D7_0926800.1","7","Low"
"PF3D7_0927000","PF3D7_0927000.1","7","Low"
"PF3D7_0927200","PF3D7_0927200.1","7","Low"
"PF3D7_0928200","PF3D7_0928200.1","1","Medium"
"PF3D7_0928300","PF3D7_0928300.1","215","Low"
"PF3D7_0928700","PF3D7_0928700.1","7","Low"
"PF3D7_0929400","PF3D7_0929400.1","9","High"
"PF3D7_0930300","PF3D7_0930300.1","1817","High"
"PF3D7_0930600","PF3D7_0930600.1","7","Low"
"PF3D7_0930800","PF3D7_0930800.1","3","Medium"
"PF3D7_0931100","PF3D7_0931100.1","21","Low"
"PF3D7_0931700","PF3D7_0931700.1","1","Low"
"PF3D7_0932700","PF3D7_0932700.1","220","Medium"
"PF3D7_0932800","PF3D7_0932800.1","28","Low"
"PF3D7_0933200","PF3D7_0933200.1","3","Low"
"PF3D7_0933500","PF3D7_0933500.1","1","Low"
"PF3D7_0934100","PF3D7_0934100.1","9","Low"
"PF3D7_0934900","PF3D7_0934900.1","1","Low"
"PF3D7_0935800","PF3D7_0935800.1","11","High"
"PF3D7_0937200","PF3D7_0937200.1","1","Medium"
"PF3D7_0937600","PF3D7_0937600.1","6","Low"
"PF3D7_0937800","PF3D7_0937800.1","11","Medium"
"PF3D7_1000100","PF3D7_1000100.1","4","Medium"
"PF3D7_1001100","PF3D7_1001100.1","1","Medium"
"PF3D7_1001100","PF3D7_1001100.2","1","Medium"
"PF3D7_1001400","PF3D7_1001400.1","1","Medium"
"PF3D7_1001600","PF3D7_1001600.1","1","Low"
"PF3D7_1002600","PF3D7_1002600.1","1","Low"
"PF3D7_1002800","PF3D7_1002800.1","3","Low"
"PF3D7_1004100","PF3D7_1004100.1","21","Low"
"PF3D7_1004200","PF3D7_1004200.1","7","Low"
"PF3D7_1004300","PF3D7_1004300.1","21","Low"
"PF3D7_1004900","PF3D7_1004900.1","7","High"
"PF3D7_1005000","PF3D7_1005000.1","3","Low"
"PF3D7_1005100","PF3D7_1005100.1","10","Low"
"PF3D7_1005500","PF3D7_1005500.1","1","Low"
"PF3D7_1005600","PF3D7_1005600.1","1","Low"
"PF3D7_1007400","PF3D7_1007400.1","1","Medium"
"PF3D7_1007700","PF3D7_1007700.1","25","Low"
"PF3D7_1007800","PF3D7_1007800.1","3","Low"
"PF3D7_1008000","PF3D7_1008000.1","3","Low"
"PF3D7_1008100","PF3D7_1008100.1","3","Low"
"PF3D7_1008600","PF3D7_1008600.1","1","Low"
"PF3D7_1009200","PF3D7_1009200.1","7","Low"
"PF3D7_1009300","PF3D7_1009300.1","7","Low"
"PF3D7_1009500","PF3D7_1009500.1","7","Low"
"PF3D7_1009600","PF3D7_1009600.1","1","Low"
"PF3D7_1010800","PF3D7_1010800.1","7","Low"
"PF3D7_1011100","PF3D7_1011100.1","1","Medium"
"PF3D7_1011300","PF3D7_1011300.1","1","Low"
"PF3D7_1011700","PF3D7_1011700.1","12","Low"
"PF3D7_1011800","PF3D7_1011800.1","28","Low"
"PF3D7_1012100","PF3D7_1012100.1","215","Low"
"PF3D7_1012900","PF3D7_1012900.1","1","Low"
"PF3D7_1013500","PF3D7_1013500.1","1","Low"
"PF3D7_1013800","PF3D7_1013800.1","3","Low"
"PF3D7_1013900","PF3D7_1013900.1","3","Low"
"PF3D7_1014300","PF3D7_1014300.1","1","Low"
"PF3D7_1014500","PF3D7_1014500.1","4","Low"
"PF3D7_1014600","PF3D7_1014600.1","25","Low"
"PF3D7_1014700","PF3D7_1014700.1","6","High"
"PF3D7_1014900","PF3D7_1014900.1","11","Low"
"PF3D7_1015600","PF3D7_1015600.1","1","High"
"PF3D7_1015900","PF3D7_1015900.1","2","High"
"PF3D7_1016300","PF3D7_1016300.1","1","Medium"
"PF3D7_1016500","PF3D7_1016500.1","7","Low"
"PF3D7_1016600","PF3D7_1016600.1","3","Low"
"PF3D7_1017100","PF3D7_1017100.1","1","Medium"
"PF3D7_1017300","PF3D7_1017300.1","1","Low"
"PF3D7_1017300","PF3D7_1017300.2","7","Low"
"PF3D7_1017700","PF3D7_1017700.1","7","Low"
"PF3D7_1018200","PF3D7_1018200.1","7","Low"
"PF3D7_1018600","PF3D7_1018600.1","7","Low"
"PF3D7_1019000","PF3D7_1019000.1","236","Low"
"PF3D7_1019300","PF3D7_1019300.1","1","Low"
"PF3D7_1019600","PF3D7_1019600.1","3","Low"
"PF3D7_1019700","PF3D7_1019700.1","2","Low"
"PF3D7_1020600","PF3D7_1020600.1","3","Low"
"PF3D7_1021100","PF3D7_1021100.1","1","Low"
"PF3D7_1021500","PF3D7_1021500.1","21","Low"
"PF3D7_1021700","PF3D7_1021700.1","33","Medium"
"PF3D7_1021800","PF3D7_1021800.1","5","High"
"PF3D7_1021900","PF3D7_1021900.1","3","Low"
"PF3D7_1022000","PF3D7_1022000.1","22","Medium"
"PF3D7_1023100","PF3D7_1023100.1","4","Medium"
"PF3D7_1023700","PF3D7_1023700.1","7","Low"
"PF3D7_1023800","PF3D7_1023800.1","7","Low"
"PF3D7_1023900","PF3D7_1023900.1","7","Low"
"PF3D7_1024100","PF3D7_1024100.1","21","Low"
"PF3D7_1024400","PF3D7_1024400.1","3","Low"
"PF3D7_1025000","PF3D7_1025000.1","1","Low"
"PF3D7_1025400","PF3D7_1025400.1","7","Low"
"PF3D7_1025500","PF3D7_1025500.1","10","Low"
"PF3D7_1026600","PF3D7_1026600.1","1","Low"
"PF3D7_1027000","PF3D7_1027000.1","24","Low"
"PF3D7_1027100","PF3D7_1027100.1","7","Low"
"PF3D7_1028000","PF3D7_1028000.1","1","Medium"
"PF3D7_1028100","PF3D7_1028100.1","3","Low"
"PF3D7_1028500","PF3D7_1028500.1","7","Low"
"PF3D7_1029200","PF3D7_1029200.1","1","Low"
"PF3D7_1029300","PF3D7_1029300.1","7","Low"
"PF3D7_1029900","PF3D7_1029900.1","21","Low"
"PF3D7_1031000","PF3D7_1031000.1","2","High"
"PF3D7_1031300","PF3D7_1031300.1","8","Low"
"PF3D7_1031400","PF3D7_1031400.1","1","Low"
"PF3D7_1031400","PF3D7_1031400.2","1","Low"
"PF3D7_1032000","PF3D7_1032000.1","3","Low"
"PF3D7_1032100","PF3D7_1032100.1","8","Medium"
"PF3D7_1032900","PF3D7_1032900.1","2","Low"
"PF3D7_1033100","PF3D7_1033100.1","21","Low"
"PF3D7_1033600","PF3D7_1033600.1","2","Low"
"PF3D7_1035300","PF3D7_1035300.1","36","High"
"PF3D7_1035400","PF3D7_1035400.1","15","High"
"PF3D7_1035500","PF3D7_1035500.1","11","High"
"PF3D7_1035600","PF3D7_1035600.1","12","High"
"PF3D7_1035700","PF3D7_1035700.1","6","High"
"PF3D7_1035900","PF3D7_1035900.1","1","Low"
"PF3D7_1036000","PF3D7_1036000.1","12","High"
"PF3D7_1036300","PF3D7_1036300.1","5","High"
"PF3D7_1036400","PF3D7_1036400.1","107","Medium"
"PF3D7_1036500","PF3D7_1036500.1","21","Low"
"PF3D7_1036900","PF3D7_1036900.1","28","Low"
"PF3D7_1037000","PF3D7_1037000.1","7","Low"
"PF3D7_1037500","PF3D7_1037500.1","2","Low"
"PF3D7_1037600","PF3D7_1037600.1","8","Low"
"PF3D7_1037800","PF3D7_1037800.1","3","Low"
"PF3D7_1038400","PF3D7_1038400.1","3","Medium"
"PF3D7_1038800","PF3D7_1038800.1","3","Low"
"PF3D7_1039900","PF3D7_1039900.1","7","Low"
"PF3D7_1041300","PF3D7_1041300.1","2","Low"
"PF3D7_1100100","PF3D7_1100100.1","16","Medium"
"PF3D7_1100200","PF3D7_1100200.1","1","Low"
"PF3D7_1101500","PF3D7_1101500.1","7","Low"
"PF3D7_1103800","PF3D7_1103800.1","31","Low"
"PF3D7_1104200","PF3D7_1104200.1","1","Medium"
"PF3D7_1104600","PF3D7_1104600.1","7","Low"
"PF3D7_1104900","PF3D7_1104900.1","3","Low"
"PF3D7_1105300","PF3D7_1105300.1","1","Low"
"PF3D7_1106000","PF3D7_1106000.1","1","Low"
"PF3D7_1106200","PF3D7_1106200.1","7","Low"
"PF3D7_1106500","PF3D7_1106500.1","9","Medium"
"PF3D7_1106600","PF3D7_1106600.1","1","Low"
"PF3D7_1106800","PF3D7_1106800.1","1","Low"
"PF3D7_1107200","PF3D7_1107200.1","1","Low"
"PF3D7_1107300","PF3D7_1107300.1","31","Low"
"PF3D7_1107600","PF3D7_1107600.1","21","Low"
"PF3D7_1107800","PF3D7_1107800.1","22","Medium"
"PF3D7_1107900","PF3D7_1107900.1","1","Low"
"PF3D7_1108000","PF3D7_1108000.1","1","Low"
"PF3D7_1108900","PF3D7_1108900.1","1","Low"
"PF3D7_1109100","PF3D7_1109100.1","4","Low"
"PF3D7_1110100","PF3D7_1110100.1","12","Low"
"PF3D7_1110200","PF3D7_1110200.1","3","Low"
"PF3D7_1110400","PF3D7_1110400.1","21","Low"
"PF3D7_1110500","PF3D7_1110500.1","21","Low"
"PF3D7_1112100","PF3D7_1112100.1","236","Low"
"PF3D7_1112300","PF3D7_1112300.1","7","Low"
"PF3D7_1113000","PF3D7_1113000.1","22","Low"
"PF3D7_1113400","PF3D7_1113400.1","216","Low"
"PF3D7_1113600","PF3D7_1113600.1","7","Low"
"PF3D7_1114500","PF3D7_1114500.1","1","Low"
"PF3D7_1114700","PF3D7_1114700.1","7","Low"
"PF3D7_1114900","PF3D7_1114900.1","2","Low"
"PF3D7_1116100","PF3D7_1116100.1","3","Low"
"PF3D7_1116400","PF3D7_1116400.1","8","Low"
"PF3D7_1116600","PF3D7_1116600.1","2","Low"
"PF3D7_1117100","PF3D7_1117100.1","21","Low"
"PF3D7_1117400","PF3D7_1117400.1","2","Low"
"PF3D7_1117900","PF3D7_1117900.1","10","Low"
"PF3D7_1118000","PF3D7_1118000.1","1","Low"
"PF3D7_1118200","PF3D7_1118200.1","1","Low"
"PF3D7_1118600","PF3D7_1118600.1","7","Low"
"PF3D7_1118700","PF3D7_1118700.1","1","Low"
"PF3D7_1118800","PF3D7_1118800.1","1","Low"
"PF3D7_1119400","PF3D7_1119400.1","25","Low"
"PF3D7_1119900","PF3D7_1119900.1","10","Low"
"PF3D7_1120000","PF3D7_1120000.1","22","Medium"
"PF3D7_1120300","PF3D7_1120300.1","1","High"
"PF3D7_1120600","PF3D7_1120600.1","216","Medium"
"PF3D7_1120700","PF3D7_1120700.1","8","Low"
"PF3D7_1121100","PF3D7_1121100.1","22","Medium"
"PF3D7_1121600","PF3D7_1121600.1","16","High"
"PF3D7_1121800","PF3D7_1121800.1","1","Low"
"PF3D7_1121900","PF3D7_1121900.1","1","Medium"
"PF3D7_1122000","PF3D7_1122000.1","11","Low"
"PF3D7_1122100","PF3D7_1122100.1","7","Low"
"PF3D7_1122400","PF3D7_1122400.1","7","Low"
"PF3D7_1122500","PF3D7_1122500.1","8","Medium"
"PF3D7_1122800","PF3D7_1122800.1","11","Medium"
"PF3D7_1122900","PF3D7_1122900.1","26","High"
"PF3D7_1123000","PF3D7_1123000.1","2","Low"
"PF3D7_1123300","PF3D7_1123300.1","3","Low"
"PF3D7_1123500","PF3D7_1123500.1","21","Low"
"PF3D7_1123600","PF3D7_1123600.1","1","Low"
"PF3D7_1124200","PF3D7_1124200.1","2","Low"
"PF3D7_1124400","PF3D7_1124400.1","3","Low"
"PF3D7_1124500","PF3D7_1124500.1","7","Low"
"PF3D7_1125300","PF3D7_1125300.1","3","Low"
"PF3D7_1125400","PF3D7_1125400.1","7","Low"
"PF3D7_1125700","PF3D7_1125700.1","3","Low"
"PF3D7_1126200","PF3D7_1126200.1","1","Low"
"PF3D7_1126300","PF3D7_1126300.1","8","Medium"
"PF3D7_1126500","PF3D7_1126500.1","7","Low"
"PF3D7_1126600","PF3D7_1126600.1","21","Low"
"PF3D7_1127800","PF3D7_1127800.1","216","Medium"
"PF3D7_1128300","PF3D7_1128300.1","1","Low"
"PF3D7_1129200","PF3D7_1129200.1","7","Low"
"PF3D7_1129300","PF3D7_1129300.1","7","Low"
"PF3D7_1129400","PF3D7_1129400.1","7","Low"
"PF3D7_1129800","PF3D7_1129800.1","215","Low"
"PF3D7_1130200","PF3D7_1130200.1","1","High"
"PF3D7_1130500","PF3D7_1130500.1","4","Medium"
"PF3D7_1130800","PF3D7_1130800.1","3","Low"
"PF3D7_1130900","PF3D7_1130900.1","10","Low"
"PF3D7_1131600","PF3D7_1131600.1","22","Medium"
"PF3D7_1132000","PF3D7_1132000.1","2","Medium"
"PF3D7_1133100","PF3D7_1133100.1","21","Low"
"PF3D7_1133200","PF3D7_1133200.1","5","Low"
"PF3D7_1133400","PF3D7_1133400.1","102","High"
"PF3D7_1133700","PF3D7_1133700.1","3","Low"
"PF3D7_1133800","PF3D7_1133800.1","1","Low"
"PF3D7_1134200","PF3D7_1134200.1","1","Medium"
"PF3D7_1134600","PF3D7_1134600.1","31","Low"
"PF3D7_1134700","PF3D7_1134700.1","3","Low"
"PF3D7_1134900","PF3D7_1134900.1","3","Low"
"PF3D7_1136000","PF3D7_1136000.1","26","Low"
"PF3D7_1136300","PF3D7_1136300.1","1","Low"
"PF3D7_1136600","PF3D7_1136600.1","7","Low"
"PF3D7_1136800","PF3D7_1136800.1","3","Low"
"PF3D7_1136900","PF3D7_1136900.1","216","Low"
"PF3D7_1137600","PF3D7_1137600.1","10","Low"
"PF3D7_1137700","PF3D7_1137700.1","7","Low"
"PF3D7_1138000","PF3D7_1138000.1","10","Low"
"PF3D7_1138400","PF3D7_1138400.1","22","Low"
"PF3D7_1139100","PF3D7_1139100.1","7","Low"
"PF3D7_1139300","PF3D7_1139300.1","8","Low"
"PF3D7_1140400","PF3D7_1140400.1","1","Medium"
"PF3D7_1140500","PF3D7_1140500.1","11","Low"
"PF3D7_1140600","PF3D7_1140600.1","1","Low"
"PF3D7_1140700","PF3D7_1140700.1","22","Low"
"PF3D7_1140900","PF3D7_1140900.1","3","Low"
"PF3D7_1141000","PF3D7_1141000.1","1","Low"
"PF3D7_1141100","PF3D7_1141100.1","8","Low"
"PF3D7_1141300","PF3D7_1141300.1","1","High"
"PF3D7_1141500","PF3D7_1141500.1","7","Low"
"PF3D7_1141700","PF3D7_1141700.1","13","Low"
"PF3D7_1141800","PF3D7_1141800.1","2","Low"
"PF3D7_1142000","PF3D7_1142000.1","3","Low"
"PF3D7_1142100","PF3D7_1142100.1","1","Low"
"PF3D7_1142300","PF3D7_1142300.1","7","Low"
"PF3D7_1143100","PF3D7_1143100.1","3","Low"
"PF3D7_1144200","PF3D7_1144200.1","4","High"
"PF3D7_1144400","PF3D7_1144400.1","21","Low"
"PF3D7_1144500","PF3D7_1144500.1","2","Low"
"PF3D7_1144800","PF3D7_1144800.1","7","Low"
"PF3D7_1144900","PF3D7_1144900.1","7","Low"
"PF3D7_1145200","PF3D7_1145200.1","21","Low"
"PF3D7_1145700","PF3D7_1145700.1","1","Low"
"PF3D7_1146600","PF3D7_1146600.1","1","Low"
"PF3D7_1146800","PF3D7_1146800.1","25","Low"
"PF3D7_1147000","PF3D7_1147000.1","25","Low"
"PF3D7_1147200","PF3D7_1147200.1","10","Low"
"PF3D7_1147800","PF3D7_1147800.1","9","High"
"PF3D7_1147800","PF3D7_1147800.2","9","Medium"
"PF3D7_1148000","PF3D7_1148000.1","8","Low"
"PF3D7_1148700","PF3D7_1148700.1","1","Low"
"PF3D7_1149000","PF3D7_1149000.1","19","Medium"
"PF3D7_1149200","PF3D7_1149200.1","78","Medium"
"PF3D7_1150400","PF3D7_1150400.1","5","Low"
"PF3D7_1200100","PF3D7_1200100.1","14","Medium"
"PF3D7_1200400","PF3D7_1200400.1","221","Low"
"PF3D7_1200600","PF3D7_1200600.1","38","High"
"PF3D7_1201100","PF3D7_1201100.1","1","Low"
"PF3D7_1201400","PF3D7_1201400.1","1","Medium"
"PF3D7_1201500","PF3D7_1201500.1","1","Low"
"PF3D7_1201800","PF3D7_1201800.1","1","Low"
"PF3D7_1202100","PF3D7_1202100.1","3","Low"
"PF3D7_1202100","PF3D7_1202100.2","3","Low"
"PF3D7_1202300","PF3D7_1202300.1","223","Medium"
"PF3D7_1203000","PF3D7_1203000.1","2","High"
"PF3D7_1203100","PF3D7_1203100.1","7","Low"
"PF3D7_1203200","PF3D7_1203200.1","1","Low"
"PF3D7_1203400","PF3D7_1203400.1","21","Low"
"PF3D7_1204500","PF3D7_1204500.1","1","Low"
"PF3D7_1205000","PF3D7_1205000.1","3","High"
"PF3D7_1205100","PF3D7_1205100.1","1","Medium"
"PF3D7_1205400","PF3D7_1205400.1","2","Low"
"PF3D7_1205500","PF3D7_1205500.1","1","Low"
"PF3D7_1205800","PF3D7_1205800.1","21","Low"
"PF3D7_1206300","PF3D7_1206300.1","10","Low"
"PF3D7_1206500","PF3D7_1206500.1","7","Low"
"PF3D7_1206700","PF3D7_1206700.1","216","Low"
"PF3D7_1207000","PF3D7_1207000.1","23","High"
"PF3D7_1207200","PF3D7_1207200.1","240","Low"
"PF3D7_1207700","PF3D7_1207700.1","215","Low"
"PF3D7_1207900","PF3D7_1207900.1","1","Medium"
"PF3D7_1208100","PF3D7_1208100.1","1","Low"
"PF3D7_1208200","PF3D7_1208200.1","1","Medium"
"PF3D7_1208400","PF3D7_1208400.1","7","Low"
"PF3D7_1208500","PF3D7_1208500.1","21","Low"
"PF3D7_1208800","PF3D7_1208800.1","7","Low"
"PF3D7_1209100","PF3D7_1209100.1","1","Low"
"PF3D7_1209300","PF3D7_1209300.1","1","Low"
"PF3D7_1209500","PF3D7_1209500.1","3","Low"
"PF3D7_1209500","PF3D7_1209500.2","3","Low"
"PF3D7_1209900","PF3D7_1209900.1","7","Low"
"PF3D7_1210200","PF3D7_1210200.1","7","Low"
"PF3D7_1210400","PF3D7_1210400.1","222","Low"
"PF3D7_1210600","PF3D7_1210600.1","3","Low"
"PF3D7_1211000","PF3D7_1211000.1","7","Low"
"PF3D7_1211200","PF3D7_1211200.1","29","Low"
"PF3D7_1211300","PF3D7_1211300.1","7","Low"
"PF3D7_1211500","PF3D7_1211500.1","1","Medium"
"PF3D7_1211600","PF3D7_1211600.1","7","Low"
"PF3D7_1212100","PF3D7_1212100.1","22","Low"
"PF3D7_1212700","PF3D7_1212700.1","21","Low"
"PF3D7_1213200","PF3D7_1213200.1","7","Low"
"PF3D7_1213500","PF3D7_1213500.1","7","Low"
"PF3D7_1213800","PF3D7_1213800.1","3","Low"
"PF3D7_1213900","PF3D7_1213900.1","21","Low"
"PF3D7_1214100","PF3D7_1214100.1","2","Low"
"PF3D7_1215400","PF3D7_1215400.1","215","Low"
"PF3D7_1215700","PF3D7_1215700.1","11","Low"
"PF3D7_1215900","PF3D7_1215900.1","21","Low"
"PF3D7_1216000","PF3D7_1216000.1","1","High"
"PF3D7_1216600","PF3D7_1216600.1","59","High"
"PF3D7_1216700","PF3D7_1216700.1","6","Medium"
"PF3D7_1217200","PF3D7_1217200.1","2","Low"
"PF3D7_1217300","PF3D7_1217300.1","1","Low"
"PF3D7_1217700","PF3D7_1217700.1","21","Low"
"PF3D7_1218200","PF3D7_1218200.1","2","Low"
"PF3D7_1218500","PF3D7_1218500.1","1","Low"
"PF3D7_1218800","PF3D7_1218800.1","1","Low"
"PF3D7_1218900","PF3D7_1218900.1","2","Low"
"PF3D7_1219000","PF3D7_1219000.1","1","Low"
"PF3D7_1219100","PF3D7_1219100.1","23","Low"
"PF3D7_1219300","PF3D7_1219300.1","10","Medium"
"PF3D7_1220100","PF3D7_1220100.1","7","Low"
"PF3D7_1220300","PF3D7_1220300.1","3","Low"
"PF3D7_1220400","PF3D7_1220400.1","1","Low"
"PF3D7_1221000","PF3D7_1221000.1","8","Medium"
"PF3D7_1221400","PF3D7_1221400.1","215","Low"
"PF3D7_1221700","PF3D7_1221700.1","4","Low"
"PF3D7_1221900","PF3D7_1221900.1","11","Low"
"PF3D7_1222000","PF3D7_1222000.1","7","Low"
"PF3D7_1222300","PF3D7_1222300.1","215","Low"
"PF3D7_1222400","PF3D7_1222400.1","29","Medium"
"PF3D7_1222600","PF3D7_1222600.1","21","Low"
"PF3D7_1222800","PF3D7_1222800.1","222","Low"
"PF3D7_1222900","PF3D7_1222900.1","1","Low"
"PF3D7_1223300","PF3D7_1223300.1","3","Low"
"PF3D7_1223400","PF3D7_1223400.1","21","Low"
"PF3D7_1223500","PF3D7_1223500.1","21","Low"
"PF3D7_1223600","PF3D7_1223600.1","1","High"
"PF3D7_1223800","PF3D7_1223800.1","7","Low"
"PF3D7_1224100","PF3D7_1224100.1","1","Low"
"PF3D7_1224500","PF3D7_1224500.1","215","Low"
"PF3D7_1225600","PF3D7_1225600.1","8","Medium"
"PF3D7_1226400","PF3D7_1226400.1","2","Medium"
"PF3D7_1227300","PF3D7_1227300.1","1","Low"
"PF3D7_1227600","PF3D7_1227600.1","1","Low"
"PF3D7_1227700","PF3D7_1227700.1","2","Low"
"PF3D7_1228200","PF3D7_1228200.1","21","Low"
"PF3D7_1228400","PF3D7_1228400.1","1","Low"
"PF3D7_1228600","PF3D7_1228600.1","20","High"
"PF3D7_1228800","PF3D7_1228800.1","243","Low"
"PF3D7_1228900","PF3D7_1228900.1","1","Medium"
"PF3D7_1229100","PF3D7_1229100.1","1","Low"
"PF3D7_1229300","PF3D7_1229300.1","7","Low"
"PF3D7_1229400","PF3D7_1229400.1","1","High"
"PF3D7_1229600","PF3D7_1229600.1","222","Low"
"PF3D7_1229800","PF3D7_1229800.1","2","Medium"
"PF3D7_1230000","PF3D7_1230000.1","215","Low"
"PF3D7_1230300","PF3D7_1230300.1","3","Low"
"PF3D7_1230700","PF3D7_1230700.1","21","Low"
"PF3D7_1231400","PF3D7_1231400.1","24","Low"
"PF3D7_1231800","PF3D7_1231800.1","7","Low"
"PF3D7_1233200","PF3D7_1233200.1","25","Medium"
"PF3D7_1233200","PF3D7_1233200.2","4","Medium"
"PF3D7_1233300","PF3D7_1233300.1","8","High"
"PF3D7_1233400","PF3D7_1233400.1","1","High"
"PF3D7_1233600","PF3D7_1233600.1","25","Low"
"PF3D7_1233900","PF3D7_1233900.1","1","Low"
"PF3D7_1234000","PF3D7_1234000.1","3","Low"
"PF3D7_1234100","PF3D7_1234100.1","10","Low"
"PF3D7_1234600","PF3D7_1234600.1","3","Low"
"PF3D7_1234800","PF3D7_1234800.1","7","Low"
"PF3D7_1235300","PF3D7_1235300.1","1","Low"
"PF3D7_1235400","PF3D7_1235400.1","3","Low"
"PF3D7_1235900","PF3D7_1235900.1","1","Low"
"PF3D7_1236100","PF3D7_1236100.1","21","Low"
"PF3D7_1236400","PF3D7_1236400.1","1","Medium"
"PF3D7_1237100","PF3D7_1237100.1","21","Low"
"PF3D7_1237200","PF3D7_1237200.1","10","Low"
"PF3D7_1237900","PF3D7_1237900.1","215","Low"
"PF3D7_1238500","PF3D7_1238500.1","2","Medium"
"PF3D7_1238800","PF3D7_1238800.1","1","Low"
"PF3D7_1239200","PF3D7_1239200.1","31","Low"
"PF3D7_1239800","PF3D7_1239800.1","9","High"
"PF3D7_1239900","PF3D7_1239900.1","21","Low"
"PF3D7_1240000","PF3D7_1240000.1","1","Low"
"PF3D7_1240300","PF3D7_1240300.1","7","Medium"
"PF3D7_1240400","PF3D7_1240400.1","9","Medium"
"PF3D7_1240600","PF3D7_1240600.1","5","Medium"
"PF3D7_1240900","PF3D7_1240900.1","4","Medium"
"PF3D7_1241300","PF3D7_1241300.1","7","Low"
"PF3D7_1241400","PF3D7_1241400.1","21","Low"
"PF3D7_1241500","PF3D7_1241500.1","1","Low"
"PF3D7_1242400","PF3D7_1242400.1","3","Low"
"PF3D7_1243400","PF3D7_1243400.1","215","Low"
"PF3D7_1243900","PF3D7_1243900.1","216","Low"
"PF3D7_1244600","PF3D7_1244600.1","1","Low"
"PF3D7_1244900","PF3D7_1244900.1","3","Low"
"PF3D7_1245000","PF3D7_1245000.1","3","Low"
"PF3D7_1245100","PF3D7_1245100.1","1","Low"
"PF3D7_1245200","PF3D7_1245200.1","2","Low"
"PF3D7_1245600","PF3D7_1245600.1","7","Low"
"PF3D7_1246100","PF3D7_1246100.1","1","Low"
"PF3D7_1246700","PF3D7_1246700.1","2","Low"
"PF3D7_1247800","PF3D7_1247800.1","4","Medium"
"PF3D7_1248200","PF3D7_1248200.1","1","High"
"PF3D7_1248400","PF3D7_1248400.1","7","Low"
"PF3D7_1248700","PF3D7_1248700.1","22","Low"
"PF3D7_1249100","PF3D7_1249100.1","7","Low"
"PF3D7_1249300","PF3D7_1249300.1","3","Low"
"PF3D7_1249600","PF3D7_1249600.1","4","Low"
"PF3D7_1249700","PF3D7_1249700.1","225","Low"
"PF3D7_1249800","PF3D7_1249800.1","31","Low"
"PF3D7_1250100","PF3D7_1250100.1","1","Medium"
"PF3D7_1250800","PF3D7_1250800.1","4","Low"
"PF3D7_1251600","PF3D7_1251600.1","10","Low"
"PF3D7_1251800","PF3D7_1251800.1","21","Low"
"PF3D7_1252100","PF3D7_1252100.1","7","Low"
"PF3D7_1252200","PF3D7_1252200.1","1","Medium"
"PF3D7_1252400","PF3D7_1252400.1","25","Medium"
"PF3D7_1252700","PF3D7_1252700.1","2","High"
"PF3D7_1253400","PF3D7_1253400.1","7","Low"
"PF3D7_1255200","PF3D7_1255200.1","18","Low"
"PF3D7_1300100","PF3D7_1300100.1","9","Medium"
"PF3D7_1300300","PF3D7_1300300.1","17","Low"
"PF3D7_1301600","PF3D7_1301600.1","8","High"
"PF3D7_1302100","PF3D7_1302100.1","17","High"
"PF3D7_1302200","PF3D7_1302200.1","22","High"
"PF3D7_1302600","PF3D7_1302600.1","3","Low"
"PF3D7_1303400","PF3D7_1303400.1","4","Low"
"PF3D7_1303500","PF3D7_1303500.1","7","Low"
"PF3D7_1303800","PF3D7_1303800.1","5","Medium"
"PF3D7_1304000","PF3D7_1304000.1","1","Low"
"PF3D7_1305000","PF3D7_1305000.1","7","Low"
"PF3D7_1306500","PF3D7_1306500.1","2","Low"
"PF3D7_1307100","PF3D7_1307100.1","1","Low"
"PF3D7_1307900","PF3D7_1307900.1","3","Low"
"PF3D7_1308400","PF3D7_1308400.1","6","Medium"
"PF3D7_1308500","PF3D7_1308500.1","3","Low"
"PF3D7_1308600","PF3D7_1308600.1","1","Low"
"PF3D7_1308700","PF3D7_1308700.1","1","Low"
"PF3D7_1308900","PF3D7_1308900.1","21","Low"
"PF3D7_1309200","PF3D7_1309200.1","24","Low"
"PF3D7_1309700","PF3D7_1309700.1","8","Low"
"PF3D7_1310400","PF3D7_1310400.1","3","Low"
"PF3D7_1312000","PF3D7_1312000.1","4","Low"
"PF3D7_1312100","PF3D7_1312100.1","4","Low"
"PF3D7_1312400","PF3D7_1312400.1","1","Low"
"PF3D7_1312800","PF3D7_1312800.1","12","Low"
"PF3D7_1312900","PF3D7_1312900.1","21","Low"
"PF3D7_1313200","PF3D7_1313200.1","3","Low"
"PF3D7_1313500","PF3D7_1313500.1","1","Low"
"PF3D7_1313600","PF3D7_1313600.1","8","Low"
"PF3D7_1313800","PF3D7_1313800.1","1","Medium"
"PF3D7_1314200","PF3D7_1314200.1","1","Low"
"PF3D7_1315100","PF3D7_1315100.1","220","Low"
"PF3D7_1315200","PF3D7_1315200.1","7","Low"
"PF3D7_1315800","PF3D7_1315800.1","1","High"
"PF3D7_1315900","PF3D7_1315900.1","7","Low"
"PF3D7_1316100","PF3D7_1316100.1","1","Medium"
"PF3D7_1316500","PF3D7_1316500.1","7","Low"
"PF3D7_1316700","PF3D7_1316700.1","7","Low"
"PF3D7_1317000","PF3D7_1317000.1","7","Low"
"PF3D7_1317200","PF3D7_1317200.1","25","Low"
"PF3D7_1317300","PF3D7_1317300.1","2","Low"
"PF3D7_1317900","PF3D7_1317900.1","21","Low"
"PF3D7_1318300","PF3D7_1318300.1","2","Low"
"PF3D7_1318400","PF3D7_1318400.1","1","High"
"PF3D7_1319100","PF3D7_1319100.1","21","Low"
"PF3D7_1319300","PF3D7_1319300.1","1","Low"
"PF3D7_1319400","PF3D7_1319400.1","1","Low"
"PF3D7_1319600","PF3D7_1319600.1","8","Low"
"PF3D7_1320000","PF3D7_1320000.1","2","Low"
"PF3D7_1320700","PF3D7_1320700.1","4","High"
"PF3D7_1321100","PF3D7_1321100.1","3","Low"
"PF3D7_1321300","PF3D7_1321300.1","10","Low"
"PF3D7_1321500","PF3D7_1321500.1","7","Low"
"PF3D7_1322300","PF3D7_1322300.1","2","Low"
"PF3D7_1322600","PF3D7_1322600.1","1","Low"
"PF3D7_1323500","PF3D7_1323500.1","7","Low"
"PF3D7_1324000","PF3D7_1324000.1","10","Low"
"PF3D7_1324200","PF3D7_1324200.1","1","Low"
"PF3D7_1324300","PF3D7_1324300.1","24","Low"
"PF3D7_1324600","PF3D7_1324600.1","3","Low"
"PF3D7_1324800","PF3D7_1324800.1","7","Low"
"PF3D7_1324900","PF3D7_1324900.1","1","High"
"PF3D7_1325000","PF3D7_1325000.1","1","Low"
"PF3D7_1325400","PF3D7_1325400.1","4","Low"
"PF3D7_1325900","PF3D7_1325900.1","1","Medium"
"PF3D7_1326500","PF3D7_1326500.1","3","Low"
"PF3D7_1326600","PF3D7_1326600.1","1","Low"
"PF3D7_1326700","PF3D7_1326700.1","1","Low"
"PF3D7_1327000","PF3D7_1327000.1","3","Low"
"PF3D7_1327300","PF3D7_1327300.1","2","Medium"
"PF3D7_1328000","PF3D7_1328000.1","217","Medium"
"PF3D7_1328200","PF3D7_1328200.1","28","Low"
"PF3D7_1328400","PF3D7_1328400.1","3","Low"
"PF3D7_1328500","PF3D7_1328500.1","1","Low"
"PF3D7_1328600","PF3D7_1328600.1","1","Medium"
"PF3D7_1329100","PF3D7_1329100.1","1","Low"
"PF3D7_1329200","PF3D7_1329200.1","11","High"
"PF3D7_1329400","PF3D7_1329400.1","216","Low"
"PF3D7_1329500","PF3D7_1329500.1","21","Low"
"PF3D7_1329600","PF3D7_1329600.1","3","Low"
"PF3D7_1329900","PF3D7_1329900.1","21","Low"
"PF3D7_1330500","PF3D7_1330500.1","1","Medium"
"PF3D7_1331700","PF3D7_1331700.1","2","Low"
"PF3D7_1332200","PF3D7_1332200.1","2","Medium"
"PF3D7_1333100","PF3D7_1333100.1","3","Low"
"PF3D7_1333300","PF3D7_1333300.1","4","High"
"PF3D7_1333500","PF3D7_1333500.1","3","Low"
"PF3D7_1333900","PF3D7_1333900.1","21","Low"
"PF3D7_1334200","PF3D7_1334200.1","7","Low"
"PF3D7_1335300","PF3D7_1335300.1","17","High"
"PF3D7_1335400","PF3D7_1335400.1","15","High"
"PF3D7_1335600","PF3D7_1335600.1","1","Medium"
"PF3D7_1335700","PF3D7_1335700.1","3","Low"
"PF3D7_1335900","PF3D7_1335900.1","380","High"
"PF3D7_1336200","PF3D7_1336200.1","7","Low"
"PF3D7_1336600","PF3D7_1336600.1","1","Low"
"PF3D7_1337500","PF3D7_1337500.1","4","Low"
"PF3D7_1338100","PF3D7_1338100.1","3","Low"
"PF3D7_1338600","PF3D7_1338600.1","3","Low"
"PF3D7_1338800","PF3D7_1338800.1","3","Low"
"PF3D7_1339600","PF3D7_1339600.1","7","Low"
"PF3D7_1339700","PF3D7_1339700.1","3","Low"
"PF3D7_1339900","PF3D7_1339900.1","3","Low"
"PF3D7_1340000","PF3D7_1340000.1","21","Low"
"PF3D7_1340300","PF3D7_1340300.1","22","Low"
"PF3D7_1340500","PF3D7_1340500.1","7","Low"
"PF3D7_1341500","PF3D7_1341500.1","236","Low"
"PF3D7_1341600","PF3D7_1341600.1","21","Low"
"PF3D7_1342000","PF3D7_1342000.1","2","Low"
"PF3D7_1342100","PF3D7_1342100.1","1","Low"
"PF3D7_1342200","PF3D7_1342200.1","7","Low"
"PF3D7_1342600","PF3D7_1342600.1","216","Low"
"PF3D7_1342900","PF3D7_1342900.1","25","Low"
"PF3D7_1343300","PF3D7_1343300.1","4","Low"
"PF3D7_1343400","PF3D7_1343400.1","1","Low"
"PF3D7_1343800","PF3D7_1343800.1","4","Low"
"PF3D7_1344000","PF3D7_1344000.1","7","Low"
"PF3D7_1344200","PF3D7_1344200.1","7","Low"
"PF3D7_1344700","PF3D7_1344700.1","2","High"
"PF3D7_1344900","PF3D7_1344900.1","28","Low"
"PF3D7_1345400","PF3D7_1345400.1","7","Low"
"PF3D7_1346400","PF3D7_1346400.1","11","Medium"
"PF3D7_1346500","PF3D7_1346500.1","3","Low"
"PF3D7_1347100","PF3D7_1347100.1","2","Low"
"PF3D7_1347900","PF3D7_1347900.1","224","Medium"
"PF3D7_1348000","PF3D7_1348000.1","7","Low"
"PF3D7_1348200","PF3D7_1348200.1","7","Low"
"PF3D7_1348300","PF3D7_1348300.1","28","Low"
"PF3D7_1348400","PF3D7_1348400.1","7","Low"
"PF3D7_1348800","PF3D7_1348800.1","9","Low"
"PF3D7_1349200","PF3D7_1349200.1","21","Low"
"PF3D7_1349300","PF3D7_1349300.1","7","Low"
"PF3D7_1350500","PF3D7_1350500.1","2","Low"
"PF3D7_1351000","PF3D7_1351000.1","1","Low"
"PF3D7_1351700","PF3D7_1351700.1","3","Low"
"PF3D7_1351800","PF3D7_1351800.1","3","Low"
"PF3D7_1351800","PF3D7_1351800.2","3","Low"
"PF3D7_1352000","PF3D7_1352000.1","10","Low"
"PF3D7_1352100","PF3D7_1352100.1","1","Low"
"PF3D7_1352200","PF3D7_1352200.1","3","Low"
"PF3D7_1352400","PF3D7_1352400.1","21","Low"
"PF3D7_1352800","PF3D7_1352800.1","7","Low"
"PF3D7_1353300","PF3D7_1353300.1","1","High"
"PF3D7_1354800","PF3D7_1354800.1","7","Low"
"PF3D7_1355200","PF3D7_1355200.1","10","Low"
"PF3D7_1355500","PF3D7_1355500.1","3","Low"
"PF3D7_1355600","PF3D7_1355600.1","1","Medium"
"PF3D7_1355700","PF3D7_1355700.1","218","Low"
"PF3D7_1356100","PF3D7_1356100.1","3","Low"
"PF3D7_1356400","PF3D7_1356400.1","1","Medium"
"PF3D7_1356800","PF3D7_1356800.1","28","Low"
"PF3D7_1357400","PF3D7_1357400.1","1","Medium"
"PF3D7_1357700","PF3D7_1357700.1","2","Medium"
"PF3D7_1358000","PF3D7_1358000.1","3","Low"
"PF3D7_1358200","PF3D7_1358200.1","4","Low"
"PF3D7_1358400","PF3D7_1358400.1","7","Low"
"PF3D7_1358500","PF3D7_1358500.1","7","Low"
"PF3D7_1358600","PF3D7_1358600.1","1","Medium"
"PF3D7_1359000","PF3D7_1359000.1","1","Low"
"PF3D7_1359100","PF3D7_1359100.1","7","Low"
"PF3D7_1359500","PF3D7_1359500.1","215","Low"
"PF3D7_1359600","PF3D7_1359600.1","1","Low"
"PF3D7_1359700","PF3D7_1359700.1","10","Low"
"PF3D7_1359900","PF3D7_1359900.1","3","Low"
"PF3D7_1360400","PF3D7_1360400.1","3","Low"
"PF3D7_1360500","PF3D7_1360500.1","1","Low"
"PF3D7_1360700","PF3D7_1360700.1","23","Medium"
"PF3D7_1361100","PF3D7_1361100.1","1","Medium"
"PF3D7_1361200","PF3D7_1361200.1","29","High"
"PF3D7_1362600","PF3D7_1362600.1","7","Low"
"PF3D7_1362900","PF3D7_1362900.1","1","Low"
"PF3D7_1363100","PF3D7_1363100.1","2","Low"
"PF3D7_1363400","PF3D7_1363400.1","1","Low"
"PF3D7_1363600","PF3D7_1363600.1","3","Low"
"PF3D7_1363700","PF3D7_1363700.1","3","Low"
"PF3D7_1364200","PF3D7_1364200.1","21","Low"
"PF3D7_1364300","PF3D7_1364300.1","4","Low"
"PF3D7_1364400","PF3D7_1364400.1","29","Medium"
"PF3D7_1364600","PF3D7_1364600.1","7","Low"
"PF3D7_1364700","PF3D7_1364700.1","1","Medium"
"PF3D7_1365300","PF3D7_1365300.1","1","Low"
"PF3D7_1366300","PF3D7_1366300.1","228","Low"
"PF3D7_1366400","PF3D7_1366400.1","7","Low"
"PF3D7_1366600","PF3D7_1366600.1","21","Low"
"PF3D7_1366900","PF3D7_1366900.1","29","High"
"PF3D7_1367800","PF3D7_1367800.1","3","Low"
"PF3D7_1367900","PF3D7_1367900.1","3","Low"
"PF3D7_1368500","PF3D7_1368500.1","3","Low"
"PF3D7_1368800","PF3D7_1368800.1","8","Medium"
"PF3D7_1371600","PF3D7_1371600.1","5","Medium"
"PF3D7_1371700","PF3D7_1371700.1","1","Low"
"PF3D7_1371900","PF3D7_1371900.1","1","Low"
"PF3D7_1372200","PF3D7_1372200.1","4","Medium"
"PF3D7_1373500","PF3D7_1373500.1","2","Medium"
"PF3D7_1400500","PF3D7_1400500.1","3","Low"
"PF3D7_1401100","PF3D7_1401100.1","1","Medium"
"PF3D7_1401400","PF3D7_1401400.1","7","Low"
"PF3D7_1402100","PF3D7_1402100.1","215","Low"
"PF3D7_1402300","PF3D7_1402300.1","1","Low"
"PF3D7_1402800","PF3D7_1402800.1","1","Low"
"PF3D7_1402900","PF3D7_1402900.1","1","Low"
"PF3D7_1403100","PF3D7_1403100.1","1","Low"
"PF3D7_1403400","PF3D7_1403400.1","3","Low"
"PF3D7_1403800","PF3D7_1403800.1","5","Medium"
"PF3D7_1404800","PF3D7_1404800.1","1","Medium"
"PF3D7_1405000","PF3D7_1405000.1","7","Low"
"PF3D7_1405100","PF3D7_1405100.1","7","Low"
"PF3D7_1405400","PF3D7_1405400.1","1","Low"
"PF3D7_1405700","PF3D7_1405700.1","215","Low"
"PF3D7_1405900","PF3D7_1405900.1","1","Low"
"PF3D7_1406200","PF3D7_1406200.1","2","Low"
"PF3D7_1406400","PF3D7_1406400.1","215","Low"
"PF3D7_1406600","PF3D7_1406600.1","3","Low"
"PF3D7_1407600","PF3D7_1407600.1","3","Low"
"PF3D7_1407700","PF3D7_1407700.1","48","High"
"PF3D7_1408200","PF3D7_1408200.1","24","Low"
"PF3D7_1408700","PF3D7_1408700.1","225","Low"
"PF3D7_1409200","PF3D7_1409200.1","4","Medium"
"PF3D7_1409200","PF3D7_1409200.2","4","High"
"PF3D7_1409500","PF3D7_1409500.1","2","High"
"PF3D7_1410300","PF3D7_1410300.1","31","Low"
"PF3D7_1410400","PF3D7_1410400.1","55","High"
"PF3D7_1411000","PF3D7_1411000.1","21","Low"
"PF3D7_1411000","PF3D7_1411000.2","21","Low"
"PF3D7_1411400","PF3D7_1411400.1","1","Low"
"PF3D7_1411600","PF3D7_1411600.1","21","Low"
"PF3D7_1411700","PF3D7_1411700.1","3","Low"
"PF3D7_1411800","PF3D7_1411800.1","3","Low"
"PF3D7_1412200","PF3D7_1412200.1","5","Low"
"PF3D7_1412400","PF3D7_1412400.1","28","Low"
"PF3D7_1412600","PF3D7_1412600.1","7","Low"
"PF3D7_1412700","PF3D7_1412700.1","3","Low"
"PF3D7_1413000","PF3D7_1413000.1","7","Low"
"PF3D7_1413700","PF3D7_1413700.1","1","Low"
"PF3D7_1414500","PF3D7_1414500.1","10","Low"
"PF3D7_1414600","PF3D7_1414600.1","1","Medium"
"PF3D7_1414700","PF3D7_1414700.1","8","Low"
"PF3D7_1415000","PF3D7_1415000.1","1","Medium"
"PF3D7_1415400","PF3D7_1415400.1","3","Low"
"PF3D7_1415500","PF3D7_1415500.1","1","Medium"
"PF3D7_1415600","PF3D7_1415600.1","215","Low"
"PF3D7_1416100","PF3D7_1416100.1","1","Low"
"PF3D7_1416200","PF3D7_1416200.1","7","Low"
"PF3D7_1416300","PF3D7_1416300.1","3","Low"
"PF3D7_1416600","PF3D7_1416600.1","8","Low"
"PF3D7_1417200","PF3D7_1417200.1","216","Low"
"PF3D7_1417300","PF3D7_1417300.1","218","Low"
"PF3D7_1417400","PF3D7_1417400.1","4","Medium"
"PF3D7_1417600","PF3D7_1417600.1","27","High"
"PF3D7_1418100","PF3D7_1418100.1","8","Low"
"PF3D7_1419000","PF3D7_1419000.1","25","Medium"
"PF3D7_1419100","PF3D7_1419100.1","1","Medium"
"PF3D7_1419200","PF3D7_1419200.1","21","Low"
"PF3D7_1419400","PF3D7_1419400.1","23","Medium"
"PF3D7_1419900","PF3D7_1419900.1","1","Low"
"PF3D7_1420100","PF3D7_1420100.1","28","Low"
"PF3D7_1420200","PF3D7_1420200.1","1","Low"
"PF3D7_1420300","PF3D7_1420300.1","21","Low"
"PF3D7_1420400","PF3D7_1420400.1","1","Low"
"PF3D7_1420500","PF3D7_1420500.1","21","Low"
"PF3D7_1420600","PF3D7_1420600.1","7","Low"
"PF3D7_1420700","PF3D7_1420700.1","1","Medium"
"PF3D7_1421300","PF3D7_1421300.1","10","Low"
"PF3D7_1421600","PF3D7_1421600.1","4","Medium"
"PF3D7_1422100","PF3D7_1422100.1","7","Low"
"PF3D7_1422300","PF3D7_1422300.1","7","Low"
"PF3D7_1423500","PF3D7_1423500.1","1","Low"
"PF3D7_1423700","PF3D7_1423700.1","25","Low"
"PF3D7_1425400","PF3D7_1425400.1","1","Low"
"PF3D7_1425600","PF3D7_1425600.1","3","Low"
"PF3D7_1425800","PF3D7_1425800.1","1","Low"
"PF3D7_1426100","PF3D7_1426100.1","218","Low"
"PF3D7_1426300","PF3D7_1426300.1","1","Low"
"PF3D7_1426600","PF3D7_1426600.1","4","Low"
"PF3D7_1426800","PF3D7_1426800.1","22","Low"
"PF3D7_1427000","PF3D7_1427000.1","7","Low"
"PF3D7_1427100","PF3D7_1427100.1","21","Low"
"PF3D7_1427300","PF3D7_1427300.1","22","Medium"
"PF3D7_1428100","PF3D7_1428100.1","7","Low"
"PF3D7_1428500","PF3D7_1428500.1","25","Medium"
"PF3D7_1428700","PF3D7_1428700.1","1","Low"
"PF3D7_1429200","PF3D7_1429200.1","1","Low"
"PF3D7_1429400","PF3D7_1429400.1","1","Low"
"PF3D7_1429600","PF3D7_1429600.1","7","Low"
"PF3D7_1429800","PF3D7_1429800.1","22","Low"
"PF3D7_1429900","PF3D7_1429900.1","7","Low"
"PF3D7_1430600","PF3D7_1430600.1","1","Low"
"PF3D7_1431300","PF3D7_1431300.1","7","Low"
"PF3D7_1431800","PF3D7_1431800.1","2","Low"
"PF3D7_1432000","PF3D7_1432000.1","7","Low"
"PF3D7_1432200","PF3D7_1432200.1","8","Medium"
"PF3D7_1432400","PF3D7_1432400.1","7","Low"
"PF3D7_1432600","PF3D7_1432600.1","1","Low"
"PF3D7_1433300","PF3D7_1433300.1","3","Low"
"PF3D7_1433400","PF3D7_1433400.1","23","Medium"
"PF3D7_1433700","PF3D7_1433700.1","1","Low"
"PF3D7_1433800","PF3D7_1433800.1","21","Low"
"PF3D7_1434500","PF3D7_1434500.1","1","Low"
"PF3D7_1434600","PF3D7_1434600.1","21","Low"
"PF3D7_1434900","PF3D7_1434900.1","2","Low"
"PF3D7_1435200","PF3D7_1435200.1","5","Low"
"PF3D7_1435600","PF3D7_1435600.1","3","Low"
"PF3D7_1435900","PF3D7_1435900.1","1","Low"
"PF3D7_1436000","PF3D7_1436000.1","220","Low"
"PF3D7_1436100","PF3D7_1436100.1","1","Low"
"PF3D7_1436200","PF3D7_1436200.1","2","Low"
"PF3D7_1436700","PF3D7_1436700.1","2","Low"
"PF3D7_1437000","PF3D7_1437000.1","21","Low"
"PF3D7_1437500","PF3D7_1437500.1","1","High"
"PF3D7_1437600","PF3D7_1437600.1","7","Low"
"PF3D7_1437700","PF3D7_1437700.1","3","Low"
"PF3D7_1438600","PF3D7_1438600.1","1","Medium"
"PF3D7_1439300","PF3D7_1439300.1","32","Medium"
"PF3D7_1439500","PF3D7_1439500.1","215","Low"
"PF3D7_1440100","PF3D7_1440100.1","1","Low"
"PF3D7_1440400","PF3D7_1440400.1","7","Low"
"PF3D7_1440700","PF3D7_1440700.1","1","Medium"
"PF3D7_1441300","PF3D7_1441300.1","4","Low"
"PF3D7_1442400","PF3D7_1442400.1","225","Low"
"PF3D7_1442700","PF3D7_1442700.1","7","Low"
"PF3D7_1442800","PF3D7_1442800.1","7","Low"
"PF3D7_1443100","PF3D7_1443100.1","7","Low"
"PF3D7_1443400","PF3D7_1443400.1","10","Low"
"PF3D7_1443600","PF3D7_1443600.1","1","Medium"
"PF3D7_1443700","PF3D7_1443700.1","1","Medium"
"PF3D7_1443800","PF3D7_1443800.1","2","Low"
"PF3D7_1444100","PF3D7_1444100.1","12","Medium"
"PF3D7_1444500","PF3D7_1444500.1","2","Medium"
"PF3D7_1444800","PF3D7_1444800.1","1","High"
"PF3D7_1446100","PF3D7_1446100.1","2","Low"
"PF3D7_1446300","PF3D7_1446300.1","1","Medium"
"PF3D7_1446500","PF3D7_1446500.1","216","Medium"
"PF3D7_1446700","PF3D7_1446700.1","1","Medium"
"PF3D7_1446900","PF3D7_1446900.1","5","Low"
"PF3D7_1447800","PF3D7_1447800.1","2","Low"
"PF3D7_1448300","PF3D7_1448300.1","22","Medium"
"PF3D7_1448400","PF3D7_1448400.1","8","Medium"
"PF3D7_1448500","PF3D7_1448500.1","10","Low"
"PF3D7_1448700","PF3D7_1448700.1","7","Low"
"PF3D7_1449100","PF3D7_1449100.1","3","Low"
"PF3D7_1449500","PF3D7_1449500.1","2","Low"
"PF3D7_1449700","PF3D7_1449700.1","7","Low"
"PF3D7_1450500","PF3D7_1450500.1","10","Low"
"PF3D7_1450600","PF3D7_1450600.1","2","Low"
"PF3D7_1450700","PF3D7_1450700.1","1","Low"
"PF3D7_1451200","PF3D7_1451200.1","8","Medium"
"PF3D7_1451400","PF3D7_1451400.1","22","Low"
"PF3D7_1451900","PF3D7_1451900.1","4","Low"
"PF3D7_1452000","PF3D7_1452000.1","217","Low"
"PF3D7_1452600","PF3D7_1452600.1","3","Low"
"PF3D7_1453000","PF3D7_1453000.1","7","Low"
"PF3D7_1453100","PF3D7_1453100.1","3","Low"
"PF3D7_1453400","PF3D7_1453400.1","3","Low"
"PF3D7_1453600","PF3D7_1453600.1","7","Low"
"PF3D7_1453900","PF3D7_1453900.1","1","Medium"
"PF3D7_1454200","PF3D7_1454200.1","7","Low"
"PF3D7_1454300","PF3D7_1454300.1","2","Low"
"PF3D7_1455200","PF3D7_1455200.1","3","Low"
"PF3D7_1455300","PF3D7_1455300.1","2","Low"
"PF3D7_1455500","PF3D7_1455500.1","3","Low"
"PF3D7_1456000","PF3D7_1456000.1","27","Medium"
"PF3D7_1456100","PF3D7_1456100.1","1","Low"
"PF3D7_1456300","PF3D7_1456300.1","218","Low"
"PF3D7_1456400","PF3D7_1456400.1","7","Low"
"PF3D7_1456500","PF3D7_1456500.1","4","Low"
"PF3D7_1456700","PF3D7_1456700.1","5","Low"
"PF3D7_1456800","PF3D7_1456800.1","1","Low"
"PF3D7_1456900","PF3D7_1456900.1","1","Medium"
"PF3D7_1457400","PF3D7_1457400.1","4","Low"
"PF3D7_1457700","PF3D7_1457700.1","21","Low"
"PF3D7_1457900","PF3D7_1457900.1","4","Low"
"PF3D7_1458000","PF3D7_1458000.1","2","Low"
"PF3D7_1458300","PF3D7_1458300.1","8","Medium"
"PF3D7_1458500","PF3D7_1458500.1","22","Medium"
"PF3D7_1458800","PF3D7_1458800.1","1","Low"
"PF3D7_1458900","PF3D7_1458900.1","1","Low"
"PF3D7_1459500","PF3D7_1459500.1","3","Low"
"PF3D7_1459700","PF3D7_1459700.1","1","Low"
"PF3D7_1460100","PF3D7_1460100.1","8","High"
"PF3D7_1460500","PF3D7_1460500.1","21","Low"
"PF3D7_1461100","PF3D7_1461100.1","219","Low"
"PF3D7_1461900","PF3D7_1461900.1","216","Low"
"PF3D7_1462400","PF3D7_1462400.1","9","Medium"
"PF3D7_1462800","PF3D7_1462800.1","3","High"
"PF3D7_1464000","PF3D7_1464000.1","3","Low"
"PF3D7_1464300","PF3D7_1464300.1","7","Low"
"PF3D7_1464500","PF3D7_1464500.1","26","Medium"
"PF3D7_1465200","PF3D7_1465200.1","1","Low"
"PF3D7_1465500","PF3D7_1465500.1","1","Low"
"PF3D7_1465800","PF3D7_1465800.1","222","Low"
"PF3D7_1465900","PF3D7_1465900.1","1","Low"
"PF3D7_1466200","PF3D7_1466200.1","8","Low"
"PF3D7_1466800","PF3D7_1466800.1","1","Low"
"PF3D7_1466900","PF3D7_1466900.1","1","Low"
"PF3D7_1467600","PF3D7_1467600.1","1","Low"
"PF3D7_1468000","PF3D7_1468000.1","7","Low"
"PF3D7_1468100","PF3D7_1468100.1","4","Medium"
"PF3D7_1468400","PF3D7_1468400.1","10","Low"
"PF3D7_1468600","PF3D7_1468600.1","2","Low"
"PF3D7_1468900","PF3D7_1468900.1","1","Medium"
"PF3D7_1469300","PF3D7_1469300.1","3","Low"
"PF3D7_1469500","PF3D7_1469500.1","1","Low"
"PF3D7_1469600","PF3D7_1469600.1","7","Low"
"PF3D7_1470000","PF3D7_1470000.1","1","Low"
"PF3D7_1470100","PF3D7_1470100.1","1","Medium"
"PF3D7_1471600","PF3D7_1471600.1","3","Low"
"PF3D7_1471900","PF3D7_1471900.1","222","Low"
"PF3D7_1472200","PF3D7_1472200.1","3","Low"
"PF3D7_1473300","PF3D7_1473300.1","7","Low"
"PF3D7_1473900","PF3D7_1473900.1","1","Medium"
"PF3D7_1474000","PF3D7_1474000.1","2","Medium"
"PF3D7_1474200","PF3D7_1474200.1","31","Low"
"PF3D7_1474300","PF3D7_1474300.1","24","Low"
"PF3D7_1474400","PF3D7_1474400.1","22","Low"
"PF3D7_1474800","PF3D7_1474800.1","1","Medium"
"PF3D7_1475200","PF3D7_1475200.1","7","Low"
"PF3D7_1475500","PF3D7_1475500.1","1","Low"
"PF3D7_1475600","PF3D7_1475600.1","1","Low"
"PF3D7_1476700","PF3D7_1476700.1","1","Low"
"PF3D7_1477500","PF3D7_1477500.1","1","Medium"
"PF3D7_1477600","PF3D7_1477600.1","3","Low"
"PF3D7_1479000","PF3D7_1479000.1","1","Low"
